matricule,name,cisco,studied_at,observation,mention,option
39593-JIGH,Raharimanana Hasina Fitiavana Soa Tiana,Farafangana,School_8,non admis,passable,A1
93907-RUJA,Rasolofo Fitiavana Tiana Soa Fanilo,Farafangana,School_3,admis,passable,A1
44033-NMDK,Rakotoarisoa Fitiavana Miangaly Herilala Tiana,Toamasina,School_17,admis,passable,D
81491-LAYY,Randrianarivelo Haja Tovo,Fianarantsoa,School_70,non admis,assez bien,A1
26756-OKFG,Randria Rina Fitiavana Fanilo Hasina,Ambatondrazaka,School_59,non admis,passable,A2
87314-XRYX,Raharinaivo Fanilo Mamy,Toamasina,School_65,admis,passable,A1
89219-HYYX,Randrianarivelo Fitiavana Finaritra Miangaly Fanilo,Antsirabe,School_7,non admis,passable,A2
64795-CIUW,Raharimanana Soa Herilala,Antsiranana,School_45,non admis,bien,A1
61860-LBJM,Raharimanana Miangaly Herilala Soa Finaritra,Antananarivo,School_28,non admis,passable,A2
79513-QFZT,Randria Tojo Soa Rina Fanilo,Morondava,School_100,non admis,passable,A1
62762-LLRH,Rajaonarison Fitiavana Hery Tovo Finaritra,Antsirabe,School_3,non admis,passable,L
67560-XSBF,Randrianarivelo Herilala Tovo,Mahajanga,School_90,admis,passable,A1
43210-GSDS,Randria Miangaly Fanilo,Toamasina,School_25,non admis,passable,A1
29096-TSYJ,Rasolofo Tiana Finaritra,Farafangana,School_15,non admis,passable,S
27941-INLP,Rasolofoson Mamy Hasina Herilala Andry,Morondava,School_62,admis,passable,S
40739-OPQU,Andrianarivo Miangaly Andry Tojo Soa,Mananjary,School_35,non admis,passable,A1
35324-CJNJ,Rasolofo Soa Fitiavana,Antananarivo,School_80,non admis,bien,A2
36935-YSES,Rajaonarison Fitiavana Hasina Finaritra Haja,Farafangana,School_67,non admis,passable,A1
48787-AZLD,Rasolofo Soa Mamy Finaritra,Mahajanga,School_64,admis,passable,A1
47783-PSAM,Rakotoarisoa Tiana Miangaly,Toliara,School_27,non admis,bien,A1
54488-JTMN,Raharinaivo Fitiavana Soa Miangaly,Fianarantsoa,School_13,admis,passable,A1
96663-KWHI,Andrianarivo Hasina Finaritra Miangaly Tovo,Mananjary,School_35,admis,passable,A1
75282-OVME,Rasolofoson Rina Mamy Tiana Hery,Antananarivo,School_41,non admis,bien,D
78769-OBIP,Rasolofo Mamy Andry,Morondava,School_5,non admis,passable,A1
33923-EAQP,Randria Tojo Herilala Fitiavana Soa,Toamasina,School_32,admis,bien,S
19966-CEPS,Rakotomamonjy Fanilo Finaritra,Antsiranana,School_11,non admis,passable,D
30652-DNGG,Rakotoarisoa Andry Tojo Hasina,Antananarivo,School_57,admis,passable,A1
62737-XULJ,Rakotoarisoa Hery Miangaly Haja,Antananarivo,School_45,admis,bien,A1
39354-YGRC,Rakotomamonjy Tovo Miangaly,Mananjary,School_91,non admis,passable,C
87955-AHUD,Rakotoarisoa Tovo Miangaly Tojo,Fianarantsoa,School_75,admis,très bien,A2
51831-XLOV,Rajaonarison Tovo Herilala Hasina,Farafangana,School_30,admis,passable,A1
33981-FTQW,Raharinaivo Tovo Tiana Mamy,Ambatondrazaka,School_64,admis,bien,A1
70815-ROGU,Rasolofo Tiana Soa Miangaly Rina,Toamasina,School_21,non admis,passable,S
20187-EDNC,Raharinaivo Hasina Herilala,Antsirabe,School_79,admis,très bien,A1
50880-QIKS,Rasolofoson Hery Finaritra Fanilo,Antsirabe,School_66,admis,passable,C
50435-ZRQZ,Andrianarivo Miangaly Fitiavana,Morondava,School_83,non admis,bien,A2
59248-OPUA,Rakotoarisoa Rina Tojo Hery,Farafangana,School_34,admis,passable,A2
57339-AEBO,Rakotoarisoa Miangaly Tojo Fanilo Hasina,Antsiranana,School_79,non admis,passable,A2
34534-UEXG,Raharinaivo Finaritra Miangaly,Toamasina,School_30,non admis,passable,A2
59505-TGEH,Rasolofoson Soa Miangaly Hery,Toliara,School_86,non admis,passable,A1
63667-IZWK,Rajaonarison Tovo Tojo Tiana,Toliara,School_93,non admis,passable,L
68984-WYHG,Randrianarivelo Rina Miangaly Fanilo Fitiavana,Toliara,School_96,admis,passable,OSE
77958-KFXM,Raharimanana Miangaly Tovo Fitiavana,Morondava,School_13,admis,passable,S
20123-OVYK,Andrianarivo Hery Finaritra Haja Tovo,Morondava,School_46,non admis,passable,S
15020-HHMS,Randrianarivelo Haja Hasina Rina Tovo,Farafangana,School_63,non admis,passable,L
16453-ZZPN,Rasolofo Tiana Andry Mamy Haja,Toamasina,School_39,non admis,passable,D
38098-HNNW,Rakotomamonjy Soa Fitiavana,Mahajanga,School_22,admis,assez bien,D
18528-QOKO,Rasolofoson Haja Fitiavana Tovo,Mahajanga,School_31,non admis,passable,OSE
19478-UPQR,Rasolofo Hery Mamy Fanilo,Mahajanga,School_50,admis,passable,A1
80128-WIUT,Rasolofoson Mamy Fitiavana,Farafangana,School_9,admis,passable,A2
82275-DJOK,Rakotomamonjy Finaritra Tiana Tojo,Farafangana,School_13,non admis,passable,A1
55439-SNQE,Rakotoarisoa Herilala Soa Tovo Fanilo,Toliara,School_65,admis,passable,A1
79905-GBIC,Rakotoarisoa Herilala Tovo,Toliara,School_39,admis,passable,C
18893-LQMD,Rasolofoson Soa Tiana,Ambatondrazaka,School_35,non admis,assez bien,A1
37686-LKGZ,Raharimanana Finaritra Herilala Fitiavana Hasina,Antsirabe,School_5,non admis,passable,D
31005-CUWO,Andrianarivo Finaritra Herilala,Morondava,School_59,non admis,passable,A2
77051-MRFC,Rajaonarison Hery Tovo Miangaly Rina,Ambatondrazaka,School_47,admis,passable,A1
93766-CCOJ,Andrianarivo Hery Herilala,Antsiranana,School_74,non admis,passable,A1
64063-GVZN,Rasolofo Haja Tovo Tojo Fanilo,Antsirabe,School_36,non admis,passable,A2
39079-RHYJ,Rakotoarisoa Fitiavana Miangaly Tiana,Fianarantsoa,School_33,non admis,passable,A1
74973-OQML,Rajaonarison Soa Fitiavana,Ambatondrazaka,School_14,non admis,bien,A2
77201-NPUB,Rakotomamonjy Mamy Hery,Farafangana,School_77,admis,passable,L
29582-AQVF,Rakotoarisoa Hery Soa,Toamasina,School_58,non admis,passable,A2
55217-WZCK,Rasolofo Andry Miangaly Hery Fanilo,Mahajanga,School_67,admis,passable,A1
90564-PITT,Randrianarivelo Haja Tiana Mamy,Ambatondrazaka,School_6,non admis,passable,A2
21342-EOJS,Rajaonarison Hasina Tovo,Antananarivo,School_90,non admis,assez bien,A2
40244-MQUU,Raharinaivo Tiana Herilala Hasina,Fianarantsoa,School_99,non admis,passable,A2
12714-FOXI,Randrianarivelo Miangaly Soa,Fianarantsoa,School_9,admis,bien,A1
23811-NZCF,Rasolofo Tovo Hasina,Morondava,School_88,non admis,passable,A1
36100-DXEC,Randria Herilala Tiana Tojo,Mananjary,School_99,admis,passable,D
37748-BHBY,Rajaonarison Andry Rina,Antsiranana,School_11,non admis,bien,A1
44572-NUNZ,Randria Fitiavana Rina Herilala Tiana,Mahajanga,School_34,non admis,passable,A2
99641-VWYN,Raharimanana Fitiavana Haja Rina Mamy,Toamasina,School_44,admis,passable,A2
11435-FDZH,Raharimanana Finaritra Haja,Morondava,School_68,non admis,très bien,D
75153-WKPZ,Rasolofoson Finaritra Hery,Mahajanga,School_89,admis,passable,A1
55028-RCJZ,Raharimanana Tojo Rina Haja,Toamasina,School_16,non admis,passable,C
42178-DXEU,Randrianarivelo Haja Andry Fanilo Soa,Mahajanga,School_37,admis,passable,A1
11767-LYMT,Raharinaivo Mamy Andry Tiana,Antsirabe,School_12,admis,bien,D
37503-TZLC,Rasolofo Andry Hery Soa,Fianarantsoa,School_34,admis,passable,C
20601-BFTB,Rajaonarison Hasina Tojo,Ambatondrazaka,School_17,non admis,passable,D
13477-CFGX,Rasolofoson Herilala Finaritra,Mananjary,School_30,non admis,assez bien,A1
38366-DRTP,Raharimanana Hasina Tojo Herilala,Mahajanga,School_32,admis,passable,A2
45140-SCJT,Randria Fitiavana Mamy,Mahajanga,School_17,non admis,passable,A1
56594-GLMO,Rajaonarison Herilala Fanilo,Morondava,School_28,admis,passable,A1
11476-XLEY,Rakotoarisoa Hasina Tiana Hery,Toliara,School_78,admis,passable,A2
54940-QFIT,Rakotomamonjy Tiana Tovo Hery,Morondava,School_100,admis,passable,S
30290-MUMO,Rakotoarisoa Tiana Rina,Antsirabe,School_12,admis,passable,A1
98058-BWRZ,Rajaonarison Tiana Tojo,Fianarantsoa,School_56,admis,assez bien,A1
78323-VKUU,Raharimanana Haja Tiana Miangaly,Mananjary,School_87,non admis,passable,A2
55812-ETPQ,Rajaonarison Tiana Fitiavana,Toamasina,School_23,non admis,passable,A2
85505-JREO,Rasolofoson Soa Fitiavana Mamy,Farafangana,School_77,admis,assez bien,A2
63198-SDPK,Raharinaivo Finaritra Andry Fitiavana Tiana,Mahajanga,School_100,non admis,passable,A1
18940-SPZY,Randrianarivelo Haja Andry Hery,Antsiranana,School_6,non admis,bien,L
43317-ZUWM,Rakotoarisoa Tovo Hery Andry,Mananjary,School_91,admis,bien,A2
38981-QLNE,Randrianarivelo Miangaly Tojo,Ambatondrazaka,School_43,admis,passable,A1
83030-PKUP,Andrianarivo Hery Rina Tojo Tiana,Mahajanga,School_57,non admis,bien,C
20601-XFOO,Raharinaivo Haja Andry Miangaly,Mananjary,School_26,non admis,très bien,D
44655-PTXG,Rajaonarison Hery Haja Rina Hasina,Antsiranana,School_74,non admis,assez bien,OSE
71328-GIFU,Randria Andry Mamy Rina Soa,Morondava,School_40,non admis,passable,A2
98162-JUYB,Andrianarivo Soa Tojo Miangaly,Toamasina,School_70,admis,bien,A2
43057-CTXB,Rakotoarisoa Herilala Soa,Morondava,School_82,admis,assez bien,A2
68729-DOEC,Rasolofo Haja Herilala,Ambatondrazaka,School_23,admis,passable,A2
96684-XOGN,Rakotomamonjy Mamy Tojo,Fianarantsoa,School_56,admis,passable,C
54295-NBMQ,Rakotoarisoa Finaritra Haja,Toamasina,School_78,non admis,passable,A2
22116-TJLQ,Rasolofoson Finaritra Tovo Fitiavana Tojo,Farafangana,School_71,non admis,passable,S
70562-PDTI,Rasolofo Tovo Fitiavana,Antananarivo,School_100,non admis,assez bien,A1
45960-ZCOR,Randria Miangaly Andry Herilala Hery,Mananjary,School_76,non admis,passable,D
82116-PEID,Rasolofo Haja Hery Herilala,Antsirabe,School_54,non admis,assez bien,A2
70141-QYQX,Randrianarivelo Mamy Haja Tiana Miangaly,Morondava,School_7,non admis,passable,A2
54090-MTIS,Randria Finaritra Hasina Fitiavana Haja,Farafangana,School_45,non admis,passable,A1
26683-ZQOV,Raharimanana Tovo Hery Tiana Soa,Fianarantsoa,School_21,admis,passable,D
35080-TKPN,Randrianarivelo Herilala Fanilo Tiana Haja,Farafangana,School_49,non admis,passable,C
64302-BLDN,Raharimanana Rina Mamy,Fianarantsoa,School_64,non admis,passable,S
36089-UHFN,Rakotoarisoa Andry Finaritra Haja,Mananjary,School_98,non admis,passable,A1
96040-DOAM,Raharinaivo Rina Mamy Miangaly Tiana,Farafangana,School_51,non admis,passable,L
17868-GXEZ,Rasolofo Tojo Finaritra Hery,Mananjary,School_34,admis,passable,A1
48049-JJRI,Rasolofo Rina Tovo Soa Finaritra,Morondava,School_89,admis,passable,A1
36113-EJJD,Rajaonarison Hasina Tiana,Toliara,School_65,non admis,passable,A2
82785-MPLW,Randria Mamy Soa Fitiavana,Farafangana,School_39,non admis,bien,D
23046-EFAY,Raharimanana Fanilo Finaritra Rina Haja,Farafangana,School_89,non admis,passable,C
98566-JHBB,Rakotoarisoa Tovo Tiana Hery Herilala,Antananarivo,School_26,admis,passable,A2
58907-RTZM,Rakotomamonjy Tiana Andry Hasina Fanilo,Toliara,School_55,admis,passable,S
59535-ACSJ,Raharinaivo Haja Hery,Mananjary,School_95,non admis,passable,A2
95579-AXNB,Rakotoarisoa Tiana Haja Finaritra Tovo,Antsiranana,School_86,non admis,bien,L
45327-MGHV,Rasolofo Hasina Soa Tiana,Farafangana,School_41,admis,passable,A1
93408-QDQJ,Randrianarivelo Haja Tojo,Toliara,School_65,non admis,passable,D
16648-ESNG,Raharinaivo Rina Hasina Soa,Antsiranana,School_47,admis,passable,A2
99743-PTZM,Rakotoarisoa Miangaly Soa Mamy,Antsirabe,School_82,admis,passable,A2
88876-BFEV,Rajaonarison Soa Miangaly,Antananarivo,School_56,non admis,passable,A1
81159-PNOV,Rakotoarisoa Hery Fanilo,Antsirabe,School_17,admis,passable,L
39233-WNEU,Raharimanana Soa Andry,Antananarivo,School_59,admis,passable,A2
38291-YQLJ,Rakotomamonjy Rina Tovo,Mananjary,School_42,non admis,très bien,A1
41974-XSTF,Raharinaivo Finaritra Soa,Ambatondrazaka,School_7,admis,passable,A1
44875-DTMZ,Raharinaivo Miangaly Hasina Haja,Antananarivo,School_45,non admis,bien,A1
34164-QPRW,Rasolofoson Herilala Hasina,Mananjary,School_78,admis,passable,C
59905-UOSA,Rasolofoson Rina Mamy,Mananjary,School_1,admis,passable,L
35009-CHLH,Randrianarivelo Finaritra Rina,Ambatondrazaka,School_77,non admis,passable,A1
39489-ACIU,Andrianarivo Hery Haja,Antsirabe,School_27,non admis,passable,C
51727-WDJM,Rakotoarisoa Andry Tovo Hery Mamy,Antsirabe,School_11,non admis,très bien,D
94677-SPAD,Raharinaivo Miangaly Tiana Hery Fanilo,Toamasina,School_94,non admis,passable,OSE
84811-HRPC,Andrianarivo Herilala Andry Hery,Farafangana,School_19,non admis,passable,A2
29829-DUHV,Andrianarivo Fanilo Soa Tiana Haja,Ambatondrazaka,School_17,non admis,bien,A1
39410-KPSF,Rakotoarisoa Tojo Soa Miangaly,Antsirabe,School_49,non admis,assez bien,S
52925-ZSAQ,Raharinaivo Mamy Hery Finaritra Soa,Fianarantsoa,School_84,admis,passable,A1
10148-LYAR,Rasolofoson Rina Tiana Hery,Ambatondrazaka,School_61,non admis,bien,A1
13096-PINT,Rajaonarison Fitiavana Finaritra Fanilo Rina,Antsirabe,School_88,non admis,passable,A2
75735-OQWI,Rasolofo Fitiavana Finaritra,Antananarivo,School_69,admis,passable,A1
34311-ITJX,Raharinaivo Fitiavana Tiana,Morondava,School_83,admis,passable,A1
25054-CCRO,Rajaonarison Herilala Tiana,Antsirabe,School_14,admis,passable,OSE
80943-YUHI,Rakotoarisoa Fitiavana Herilala,Ambatondrazaka,School_20,admis,passable,A1
92106-UQUH,Rakotoarisoa Hery Hasina Herilala Mamy,Antsiranana,School_17,non admis,passable,A1
12062-KJBI,Andrianarivo Rina Hery Mamy,Antananarivo,School_53,admis,passable,OSE
14292-QBUL,Rakotomamonjy Soa Finaritra Fitiavana,Morondava,School_90,non admis,passable,A1
64317-EDMC,Randrianarivelo Rina Fitiavana Haja,Antsirabe,School_33,admis,bien,D
14982-CPPS,Rasolofoson Mamy Fitiavana Miangaly,Mahajanga,School_70,non admis,passable,A1
76671-MNWJ,Randria Tojo Rina Herilala Haja,Toliara,School_48,admis,passable,C
12259-BMHQ,Rasolofo Haja Hasina Mamy,Antsiranana,School_65,non admis,passable,A2
65740-VUPE,Rasolofoson Rina Haja Tojo Herilala,Fianarantsoa,School_6,non admis,passable,A2
35403-RCUJ,Randria Tojo Tovo Fanilo,Antsirabe,School_16,admis,passable,A1
16271-FLEQ,Andrianarivo Hery Miangaly Soa,Mahajanga,School_76,admis,passable,A1
85516-SXJM,Randria Miangaly Andry Mamy Tovo,Morondava,School_83,non admis,passable,A1
46955-JNTN,Rasolofo Andry Herilala Rina,Morondava,School_37,admis,bien,A2
37619-NBVQ,Rasolofoson Rina Tojo Miangaly Mamy,Farafangana,School_8,admis,passable,A1
96149-GHJT,Andrianarivo Fitiavana Haja Tovo,Fianarantsoa,School_68,non admis,passable,A2
39424-IOPM,Andrianarivo Tiana Finaritra Haja Rina,Mananjary,School_36,non admis,passable,A2
56777-QAEI,Raharimanana Soa Andry Tiana,Fianarantsoa,School_29,admis,passable,S
97021-XQJU,Raharinaivo Tojo Soa Mamy,Farafangana,School_74,admis,passable,A1
88388-HNLA,Rakotomamonjy Tovo Soa Herilala,Mahajanga,School_19,admis,très bien,A1
82949-OHQY,Randrianarivelo Tovo Haja Rina,Mahajanga,School_3,admis,passable,A2
27301-MNYG,Rajaonarison Haja Tojo Hery,Toliara,School_52,non admis,passable,A2
81400-AOKB,Rakotoarisoa Hasina Miangaly Rina,Antsiranana,School_72,admis,passable,D
68456-PITB,Rakotomamonjy Tovo Herilala Finaritra,Fianarantsoa,School_97,non admis,passable,D
31204-MXMZ,Rakotoarisoa Miangaly Soa,Mananjary,School_19,non admis,passable,C
86274-CFME,Randrianarivelo Tovo Fanilo Fitiavana Hery,Morondava,School_65,admis,passable,D
51560-SEKY,Raharimanana Mamy Soa Herilala,Fianarantsoa,School_20,non admis,passable,A2
67238-ERKX,Rajaonarison Tiana Soa Mamy,Antsiranana,School_84,admis,passable,A2
41194-FBGV,Rakotoarisoa Finaritra Soa,Toliara,School_24,non admis,passable,A2
44209-YAOT,Randrianarivelo Haja Tovo Mamy Fanilo,Mahajanga,School_78,non admis,passable,A2
38089-RYDM,Randria Fitiavana Tovo Rina,Toamasina,School_92,admis,passable,A2
85439-CIII,Rasolofo Hasina Finaritra Tiana Soa,Morondava,School_73,non admis,passable,A2
95645-NCYX,Raharimanana Finaritra Fitiavana,Mananjary,School_55,non admis,passable,A2
74801-IXBK,Raharimanana Soa Rina,Toamasina,School_21,admis,assez bien,A2
89128-FYQM,Randria Hasina Rina,Ambatondrazaka,School_29,non admis,passable,D
51438-PCMV,Raharimanana Tojo Fitiavana Soa,Toamasina,School_70,non admis,passable,A1
58080-CMMC,Rakotoarisoa Rina Tiana,Antananarivo,School_80,non admis,passable,A1
25285-OKYF,Randrianarivelo Tiana Fitiavana,Farafangana,School_93,admis,passable,A2
58822-TFVK,Rasolofoson Andry Finaritra,Ambatondrazaka,School_80,admis,passable,A1
21113-LQIL,Rakotomamonjy Tojo Mamy Herilala,Ambatondrazaka,School_88,admis,passable,A2
20670-YLAC,Rakotomamonjy Fitiavana Soa Tovo Mamy,Antsiranana,School_88,non admis,passable,A1
29859-SFKS,Rajaonarison Miangaly Andry,Mahajanga,School_9,non admis,passable,A2
36039-IGYF,Rakotoarisoa Hasina Haja Tojo Hery,Farafangana,School_45,admis,bien,A1
57342-SZRE,Rakotomamonjy Rina Hery Finaritra Miangaly,Toliara,School_97,admis,assez bien,A2
72729-GZYS,Randrianarivelo Andry Rina Hasina Finaritra,Antsiranana,School_8,non admis,passable,A1
24000-OAKA,Rakotomamonjy Fanilo Hasina Herilala Tovo,Farafangana,School_1,admis,passable,A1
53431-LLCS,Raharinaivo Fanilo Tovo Andry,Antsirabe,School_46,admis,très bien,A1
28304-PDRY,Randrianarivelo Mamy Fitiavana Herilala,Ambatondrazaka,School_93,admis,passable,A1
33800-SCPS,Andrianarivo Fitiavana Rina Herilala,Ambatondrazaka,School_28,non admis,très bien,D
55703-NCXH,Randrianarivelo Mamy Tiana,Morondava,School_85,non admis,bien,S
10568-FRII,Rasolofoson Tiana Mamy,Antsiranana,School_38,admis,passable,A1
71954-FWBN,Rasolofoson Andry Tojo,Morondava,School_27,non admis,bien,C
93385-SBLG,Raharimanana Rina Soa Herilala Haja,Mananjary,School_86,non admis,passable,A1
63293-XAQJ,Rasolofo Hery Mamy Hasina Fitiavana,Farafangana,School_13,non admis,passable,A1
52592-WNKT,Andrianarivo Herilala Tojo Rina Soa,Antananarivo,School_27,non admis,passable,A1
43661-HQFK,Andrianarivo Fanilo Hery Herilala Hasina,Mahajanga,School_65,non admis,passable,A2
51960-UGVF,Raharinaivo Rina Finaritra,Toamasina,School_25,non admis,bien,A1
26300-GSVI,Andrianarivo Fitiavana Herilala,Antsirabe,School_52,non admis,passable,D
77204-JJTN,Rasolofoson Miangaly Fanilo,Farafangana,School_1,admis,passable,A1
80621-WPTT,Raharimanana Rina Herilala Haja Fitiavana,Fianarantsoa,School_25,non admis,très bien,D
21353-KEXP,Rajaonarison Rina Tiana,Antsiranana,School_45,non admis,très bien,A1
76486-NTCX,Rasolofoson Finaritra Haja,Antsiranana,School_22,admis,passable,A1
73092-ZXAW,Raharimanana Fanilo Hery Herilala Soa,Farafangana,School_98,non admis,passable,A2
85799-WJES,Andrianarivo Tovo Finaritra Fitiavana Haja,Mahajanga,School_24,non admis,passable,A2
93987-NDJL,Randria Hery Soa,Antsiranana,School_76,non admis,passable,A1
47753-CFQM,Rasolofoson Fitiavana Soa Haja,Ambatondrazaka,School_54,non admis,passable,A2
80880-WWIV,Raharimanana Tovo Haja Finaritra Tojo,Antsirabe,School_57,non admis,passable,A2
95167-FTWM,Rasolofoson Herilala Tojo Hasina Hery,Fianarantsoa,School_56,admis,passable,L
69462-RSNX,Rasolofo Mamy Tiana,Morondava,School_21,non admis,passable,A2
88677-JHRN,Rakotoarisoa Hery Herilala Hasina,Fianarantsoa,School_14,non admis,passable,A2
33700-ARME,Andrianarivo Fanilo Fitiavana Mamy,Toliara,School_6,non admis,passable,A1
87754-XPNC,Randria Soa Hery Haja,Antsirabe,School_33,non admis,passable,S
92179-LXUB,Raharimanana Haja Soa Andry,Toamasina,School_67,non admis,passable,A2
98747-OYYS,Randrianarivelo Herilala Fitiavana,Antsiranana,School_11,admis,très bien,A1
25999-UPNN,Rajaonarison Rina Mamy Finaritra Soa,Ambatondrazaka,School_14,non admis,passable,A1
94744-VLFA,Rakotoarisoa Tovo Mamy Hasina,Morondava,School_36,non admis,passable,D
77547-TELC,Andrianarivo Hery Rina Soa Haja,Farafangana,School_54,non admis,passable,A2
54368-DSKA,Raharimanana Mamy Tovo Miangaly Rina,Antsiranana,School_13,admis,passable,A1
85634-VYHF,Rasolofo Hery Rina Fitiavana,Farafangana,School_30,non admis,passable,A2
23218-VVOE,Raharimanana Haja Tovo Fanilo Hasina,Mananjary,School_79,non admis,passable,A2
15436-NABA,Raharimanana Mamy Tojo Haja Hery,Farafangana,School_83,non admis,passable,A2
12473-KLFD,Rakotomamonjy Rina Fitiavana Tovo Andry,Mahajanga,School_90,non admis,passable,A1
42478-TWGY,Raharinaivo Finaritra Herilala Haja,Farafangana,School_37,admis,passable,D
84029-VVNP,Andrianarivo Rina Mamy,Mananjary,School_64,non admis,assez bien,D
50547-NCWR,Randrianarivelo Tojo Fanilo,Mahajanga,School_27,non admis,passable,A1
90231-LURC,Rakotomamonjy Mamy Tojo Herilala Fanilo,Antsiranana,School_10,admis,passable,C
19797-GUSG,Rakotoarisoa Soa Rina Fanilo,Antsirabe,School_65,non admis,passable,L
16761-EXPN,Rasolofoson Soa Tojo Haja,Toamasina,School_97,admis,très bien,A2
83305-YSXZ,Rakotomamonjy Fitiavana Tojo Fanilo,Farafangana,School_15,non admis,passable,S
29331-UNWK,Randrianarivelo Herilala Mamy Andry Soa,Antananarivo,School_89,admis,passable,A1
82332-TKXY,Raharinaivo Rina Miangaly,Antsiranana,School_65,non admis,passable,A2
81589-TNZY,Rajaonarison Andry Hasina Tojo Herilala,Fianarantsoa,School_89,non admis,passable,D
84673-WXSE,Raharinaivo Fitiavana Rina,Antananarivo,School_44,admis,passable,C
90515-PXLD,Raharinaivo Tovo Mamy,Mahajanga,School_22,non admis,passable,L
27912-OFOU,Rakotomamonjy Tiana Rina Mamy Soa,Morondava,School_44,admis,assez bien,A2
85497-SVRZ,Randrianarivelo Herilala Miangaly,Mahajanga,School_62,non admis,assez bien,A2
21182-PYTP,Rakotoarisoa Miangaly Haja Finaritra,Fianarantsoa,School_81,non admis,passable,A2
79814-YSIO,Rajaonarison Finaritra Miangaly Tojo,Toliara,School_82,non admis,passable,A2
73827-NUQZ,Raharimanana Mamy Soa Tiana Haja,Farafangana,School_89,admis,passable,A2
84747-UBHA,Andrianarivo Hery Fanilo Mamy Fitiavana,Mahajanga,School_15,non admis,passable,A1
31531-XUSO,Rasolofoson Mamy Fanilo Hery,Toliara,School_13,non admis,passable,A2
47987-NDPJ,Andrianarivo Finaritra Soa Herilala Rina,Mananjary,School_41,admis,passable,A1
20398-UTBX,Rasolofo Andry Rina Haja,Toamasina,School_15,non admis,passable,A1
75387-TSVG,Andrianarivo Haja Finaritra,Fianarantsoa,School_12,non admis,passable,A1
54676-FACX,Rakotomamonjy Tojo Hasina Tovo,Antananarivo,School_54,non admis,passable,L
37935-BEEG,Rajaonarison Miangaly Tiana,Toamasina,School_51,non admis,passable,A2
13440-DJNG,Rakotomamonjy Rina Fanilo Tiana,Fianarantsoa,School_99,non admis,passable,A2
84812-LJMR,Raharinaivo Mamy Fitiavana,Morondava,School_11,admis,passable,A2
62500-OFVL,Andrianarivo Tovo Andry Fanilo,Farafangana,School_10,non admis,passable,C
91108-CJBH,Andrianarivo Tojo Haja,Farafangana,School_4,admis,très bien,A2
52190-WLMW,Andrianarivo Fitiavana Tojo Tovo,Antananarivo,School_24,admis,bien,C
67554-CZIF,Raharinaivo Hery Mamy Herilala,Morondava,School_58,non admis,bien,A1
89820-PCIL,Andrianarivo Rina Tojo,Ambatondrazaka,School_3,admis,passable,A2
92553-RXDH,Raharimanana Andry Fitiavana Rina,Toamasina,School_97,admis,passable,L
90592-SNYF,Rasolofo Tovo Fitiavana Miangaly,Fianarantsoa,School_19,admis,assez bien,A2
54319-BWTE,Rasolofo Herilala Mamy Haja,Mananjary,School_2,non admis,passable,A1
33509-SCTD,Raharinaivo Herilala Tojo Miangaly Haja,Antananarivo,School_38,non admis,passable,A2
12602-QJON,Rasolofoson Fitiavana Mamy Tojo Andry,Antananarivo,School_77,non admis,passable,A2
98200-SDXG,Rajaonarison Fanilo Hasina Rina,Ambatondrazaka,School_60,admis,passable,A2
89913-MXBT,Andrianarivo Fitiavana Soa Fanilo Hery,Mananjary,School_80,admis,passable,C
77406-UPXS,Rakotomamonjy Hasina Fanilo Finaritra,Antsirabe,School_45,non admis,passable,A1
15520-SKVF,Randria Andry Haja Herilala Hery,Mahajanga,School_9,non admis,passable,A1
52976-LWTX,Randrianarivelo Mamy Hasina Rina,Toamasina,School_73,admis,passable,D
19840-LVUC,Andrianarivo Soa Haja Tiana,Antsirabe,School_58,non admis,passable,A2
82415-RGXG,Randrianarivelo Haja Tojo,Ambatondrazaka,School_30,non admis,passable,A2
67396-MQHP,Andrianarivo Andry Hasina Rina,Fianarantsoa,School_63,admis,passable,A1
20140-LHDI,Raharimanana Haja Tojo Tiana,Fianarantsoa,School_87,admis,bien,C
92462-LBYZ,Raharimanana Herilala Hery Tojo,Farafangana,School_93,non admis,passable,A2
14084-MHPF,Andrianarivo Miangaly Haja Finaritra Hasina,Morondava,School_6,admis,passable,S
17780-XIEH,Rakotomamonjy Mamy Rina,Antsirabe,School_25,admis,passable,D
62701-RSGF,Rakotomamonjy Miangaly Haja Finaritra Tovo,Antananarivo,School_69,non admis,passable,OSE
66793-WRWN,Rasolofoson Miangaly Herilala Fitiavana,Fianarantsoa,School_44,admis,bien,A1
42511-ACZR,Rajaonarison Tovo Haja,Morondava,School_89,admis,passable,A1
28598-KBCH,Rakotoarisoa Hery Tovo,Farafangana,School_33,admis,assez bien,A2
42735-TAHE,Rakotoarisoa Finaritra Tiana Fanilo Andry,Antsiranana,School_37,admis,bien,A2
63708-CLEQ,Randrianarivelo Herilala Mamy Hasina Finaritra,Toliara,School_87,non admis,passable,OSE
60146-WKIU,Randria Hasina Tojo Finaritra Andry,Antsirabe,School_48,non admis,passable,A2
81388-OXMC,Randrianarivelo Miangaly Tiana,Antsirabe,School_66,non admis,passable,C
79773-BQMZ,Randria Haja Tojo Hery,Fianarantsoa,School_34,non admis,bien,A1
48744-SVKL,Rakotoarisoa Rina Tiana Tovo,Morondava,School_40,non admis,passable,A1
29964-AVKR,Rakotoarisoa Hasina Tiana Andry Soa,Antsiranana,School_18,non admis,passable,D
24076-HCWA,Rasolofoson Mamy Hasina Herilala Fitiavana,Mahajanga,School_97,non admis,bien,D
97899-LKMK,Randria Miangaly Andry Soa,Antsiranana,School_31,non admis,passable,A1
36706-DBOQ,Rasolofo Hery Rina,Mananjary,School_97,non admis,passable,A2
94820-GLGK,Rajaonarison Soa Tojo,Ambatondrazaka,School_70,admis,passable,A2
65267-KYOE,Raharimanana Soa Miangaly Hery,Ambatondrazaka,School_7,non admis,passable,A1
87795-FWSI,Rasolofo Haja Hasina Tovo Tiana,Fianarantsoa,School_17,admis,passable,A2
26338-WMFJ,Andrianarivo Soa Haja,Antsirabe,School_100,admis,passable,A1
13772-GUQD,Rajaonarison Tojo Hasina Miangaly Tiana,Antsirabe,School_28,non admis,passable,A2
12894-WSFI,Rakotoarisoa Rina Tojo,Mahajanga,School_22,non admis,très bien,OSE
75257-TDRZ,Rasolofo Tojo Haja Fanilo,Mahajanga,School_40,non admis,passable,A2
79994-CRYJ,Randria Tojo Mamy,Farafangana,School_76,admis,passable,A1
10567-CPJV,Raharinaivo Mamy Soa Haja Hery,Antananarivo,School_66,non admis,passable,S
86763-MYTQ,Rakotoarisoa Fitiavana Finaritra Hery,Toliara,School_83,non admis,passable,D
99405-GJTZ,Andrianarivo Rina Haja Miangaly Fanilo,Farafangana,School_64,non admis,passable,A2
30341-TABD,Rajaonarison Tiana Mamy,Antananarivo,School_69,non admis,passable,A2
79751-NUVF,Randria Haja Rina Fanilo,Antsiranana,School_77,non admis,bien,OSE
77035-EQFQ,Rasolofoson Tiana Soa Finaritra Tojo,Toamasina,School_82,non admis,passable,C
14016-QEGT,Rasolofoson Mamy Finaritra,Antsirabe,School_11,non admis,bien,A1
17874-FVTR,Rakotomamonjy Mamy Andry,Toliara,School_19,non admis,passable,L
91613-HEJU,Rakotoarisoa Miangaly Rina,Antananarivo,School_60,non admis,passable,A1
41689-YUKZ,Randria Andry Fitiavana Tiana,Toliara,School_15,non admis,passable,A1
95662-EKCF,Raharinaivo Mamy Soa Rina Miangaly,Mahajanga,School_39,non admis,passable,A1
12910-JAUW,Rakotoarisoa Finaritra Andry Hasina Herilala,Farafangana,School_40,non admis,passable,A1
90993-POYB,Rakotomamonjy Miangaly Herilala Finaritra Mamy,Farafangana,School_19,non admis,passable,A1
19831-JAYS,Rajaonarison Fitiavana Finaritra Hasina Soa,Fianarantsoa,School_70,admis,passable,A2
37472-UBGU,Rasolofoson Miangaly Haja Fitiavana Tovo,Mananjary,School_50,non admis,passable,D
63356-HSHM,Rasolofoson Hery Andry,Mananjary,School_30,admis,passable,A1
12966-QGSM,Randria Hasina Fitiavana,Farafangana,School_50,admis,passable,C
21489-TKXH,Rakotomamonjy Miangaly Rina Hasina Tovo,Mahajanga,School_25,non admis,très bien,A1
92915-YONL,Rakotoarisoa Tojo Mamy Tovo,Morondava,School_97,non admis,passable,C
20680-JSBR,Andrianarivo Andry Fitiavana Rina,Mananjary,School_97,non admis,passable,S
28529-QBBN,Andrianarivo Finaritra Fanilo,Morondava,School_57,admis,assez bien,D
56336-KBZV,Randrianarivelo Tiana Miangaly Hasina,Mananjary,School_22,non admis,passable,A1
54601-JULR,Andrianarivo Tovo Hasina Andry,Fianarantsoa,School_63,admis,passable,A2
85982-PLAO,Raharinaivo Miangaly Hasina Tojo,Farafangana,School_57,non admis,passable,S
22944-ETYQ,Rakotomamonjy Soa Fitiavana,Mananjary,School_29,non admis,passable,A1
26045-KJHU,Rasolofoson Rina Mamy,Antananarivo,School_49,non admis,passable,A2
65630-TSKJ,Rasolofo Miangaly Tiana,Ambatondrazaka,School_94,non admis,bien,A2
63241-TLZD,Randria Haja Finaritra,Toliara,School_88,non admis,bien,A1
29170-EHED,Rasolofo Soa Fitiavana,Fianarantsoa,School_70,non admis,assez bien,A2
27587-VGFS,Randrianarivelo Fanilo Rina,Mahajanga,School_76,non admis,passable,D
57718-XEZT,Raharimanana Mamy Tiana Finaritra,Mananjary,School_75,non admis,bien,OSE
38538-LVUW,Randrianarivelo Haja Andry,Toliara,School_47,non admis,assez bien,S
75460-JBFB,Rakotoarisoa Mamy Rina Fitiavana,Toamasina,School_72,admis,passable,A2
35705-QAYA,Rakotomamonjy Hasina Mamy Fitiavana Hery,Farafangana,School_90,non admis,passable,A1
39963-FHNG,Rajaonarison Rina Mamy,Mananjary,School_7,admis,passable,A2
21943-KNSF,Rajaonarison Andry Soa Finaritra,Mananjary,School_43,admis,passable,A2
94566-NPJT,Rasolofoson Hasina Soa,Toliara,School_45,admis,passable,D
90264-WTOX,Randria Hery Herilala,Antsirabe,School_14,non admis,passable,L
82498-IRIE,Rakotoarisoa Miangaly Rina Tojo,Toliara,School_79,non admis,passable,OSE
65369-JIJL,Raharinaivo Fitiavana Finaritra Soa Hasina,Mananjary,School_100,admis,passable,C
14631-MWQW,Rasolofoson Hasina Fitiavana Tiana Tovo,Antananarivo,School_57,admis,passable,S
70087-JHGS,Randrianarivelo Fanilo Herilala,Toamasina,School_6,admis,passable,A2
40350-LVQG,Rakotoarisoa Tiana Tojo Fitiavana,Mahajanga,School_18,non admis,passable,A1
87512-DFQQ,Andrianarivo Hasina Finaritra Fitiavana,Antananarivo,School_22,admis,passable,A2
76352-MOWE,Andrianarivo Mamy Fanilo,Morondava,School_81,admis,passable,OSE
33302-UXFC,Rajaonarison Fitiavana Andry Tiana Rina,Toliara,School_30,admis,passable,A1
30535-YQFP,Raharinaivo Fanilo Hasina,Morondava,School_54,non admis,passable,A2
66346-PDWA,Rajaonarison Tovo Hery Miangaly,Antsiranana,School_90,admis,passable,A1
16144-XSQM,Randrianarivelo Herilala Tovo Haja,Antananarivo,School_92,non admis,passable,A1
83504-KISE,Randria Fanilo Miangaly Mamy,Antsiranana,School_75,non admis,passable,OSE
49846-KBBE,Rakotoarisoa Tojo Herilala Soa Mamy,Antsiranana,School_84,admis,passable,C
31552-SCMO,Randrianarivelo Tovo Tiana Miangaly,Mahajanga,School_73,non admis,bien,A1
71805-KXRB,Rajaonarison Mamy Fanilo,Farafangana,School_31,non admis,passable,A2
70570-TAGC,Andrianarivo Soa Hasina Hery,Fianarantsoa,School_98,admis,passable,A2
23171-BSNR,Rakotoarisoa Hery Miangaly Hasina,Fianarantsoa,School_15,admis,passable,A1
18402-OTJA,Raharinaivo Mamy Rina,Antananarivo,School_67,admis,passable,C
49445-SWMZ,Raharinaivo Finaritra Herilala Hery,Antsiranana,School_48,non admis,bien,A2
31672-BHWF,Rasolofo Finaritra Miangaly,Antsiranana,School_77,non admis,passable,A2
90548-BJZP,Randria Finaritra Hasina Hery,Toliara,School_5,non admis,passable,A2
38618-HLDF,Rakotomamonjy Tojo Hery Soa Fanilo,Toliara,School_41,admis,passable,D
77762-ZDFE,Rakotoarisoa Tojo Herilala Fanilo Andry,Toamasina,School_76,admis,passable,A1
56873-YLYK,Randria Tiana Mamy Haja,Mananjary,School_67,non admis,très bien,A2
56560-FLMX,Rakotoarisoa Rina Finaritra Tovo Tiana,Antsiranana,School_22,non admis,très bien,A2
78716-MPTF,Raharinaivo Haja Rina Tojo Hasina,Mahajanga,School_71,non admis,assez bien,A2
33269-OPGR,Andrianarivo Fitiavana Soa Haja Tovo,Toamasina,School_92,admis,passable,A1
31520-VKOU,Raharimanana Tovo Fanilo,Mahajanga,School_71,non admis,passable,A1
66843-CWHP,Raharinaivo Andry Tojo,Morondava,School_70,admis,passable,D
72069-OEQT,Andrianarivo Tovo Fanilo Soa,Antananarivo,School_34,non admis,passable,A2
97980-WKKU,Rasolofoson Finaritra Haja Fanilo,Ambatondrazaka,School_68,non admis,passable,C
21329-RQVZ,Rakotomamonjy Mamy Tiana,Mahajanga,School_34,admis,passable,A2
28863-KXEU,Rakotomamonjy Tojo Hasina,Antananarivo,School_2,non admis,passable,A1
99058-OJII,Andrianarivo Hasina Soa,Toamasina,School_68,non admis,passable,C
99791-BWIM,Rakotoarisoa Andry Haja,Mananjary,School_19,non admis,passable,C
41308-LNQY,Rasolofoson Soa Rina Miangaly,Farafangana,School_8,admis,passable,A1
89672-XNDW,Randrianarivelo Miangaly Hery Fitiavana Hasina,Farafangana,School_59,non admis,passable,A1
28743-UMCJ,Raharinaivo Tojo Finaritra,Antsiranana,School_6,non admis,passable,A1
52756-DAYQ,Rajaonarison Hery Fanilo Andry,Antananarivo,School_73,non admis,passable,D
77295-YEYM,Randrianarivelo Tovo Miangaly Haja Tiana,Toliara,School_69,non admis,passable,A1
17006-UMNK,Rajaonarison Hasina Andry Mamy Hery,Antananarivo,School_42,admis,passable,A1
44163-HNZR,Rakotoarisoa Hasina Miangaly Tovo,Farafangana,School_21,non admis,passable,A2
43360-EAVR,Rakotoarisoa Hery Andry Miangaly Mamy,Morondava,School_14,non admis,passable,A2
25387-DZEH,Raharinaivo Hasina Hery Haja Mamy,Antananarivo,School_1,non admis,passable,A2
86123-PNNJ,Raharinaivo Tojo Tiana Tovo,Antsirabe,School_20,non admis,passable,A1
18523-IVHI,Rakotomamonjy Tiana Haja Herilala Fanilo,Antananarivo,School_82,admis,passable,A2
97443-ZOPK,Rasolofo Hasina Finaritra,Mahajanga,School_98,non admis,passable,C
70666-NCVV,Rasolofoson Miangaly Finaritra,Toamasina,School_28,admis,passable,A2
21186-DSZY,Raharimanana Tovo Soa Fitiavana,Toliara,School_92,admis,passable,A1
98848-PKOI,Raharinaivo Tovo Finaritra Soa Fitiavana,Mahajanga,School_28,non admis,passable,D
39590-KYEV,Rasolofo Haja Tovo Fitiavana Mamy,Antsirabe,School_81,admis,passable,A2
56742-JNSN,Rasolofo Tovo Hasina Andry,Morondava,School_81,admis,passable,A2
43960-PWSD,Randrianarivelo Herilala Haja Mamy Fitiavana,Antananarivo,School_95,non admis,passable,OSE
40271-MXIP,Raharinaivo Herilala Hasina Soa Mamy,Toamasina,School_97,non admis,passable,A1
42900-XPPU,Rakotoarisoa Fitiavana Tojo,Farafangana,School_1,admis,passable,A1
17890-QNUZ,Andrianarivo Rina Hery Haja,Fianarantsoa,School_99,admis,passable,D
59616-JYDV,Rakotomamonjy Tiana Tovo,Ambatondrazaka,School_61,non admis,passable,A1
29601-QQDR,Andrianarivo Rina Haja,Toliara,School_47,non admis,passable,C
27583-WMGD,Raharinaivo Tojo Miangaly Finaritra,Mahajanga,School_41,non admis,passable,A1
76125-SKGO,Raharinaivo Hasina Haja,Morondava,School_54,non admis,passable,A1
34175-LKQY,Rasolofoson Tiana Finaritra Soa Hery,Farafangana,School_83,admis,bien,A1
20652-TJCI,Randrianarivelo Haja Fanilo Finaritra,Antananarivo,School_26,admis,passable,A1
82364-IOLK,Randria Andry Tovo Fitiavana Soa,Antsirabe,School_15,admis,passable,L
99506-QHTS,Rakotoarisoa Hery Soa,Ambatondrazaka,School_5,non admis,passable,A2
41011-QSMP,Rasolofoson Finaritra Mamy,Morondava,School_19,admis,passable,C
10792-IWWQ,Raharinaivo Herilala Miangaly,Morondava,School_50,non admis,passable,OSE
15234-ZBSY,Randrianarivelo Rina Tiana,Fianarantsoa,School_15,admis,passable,A2
26153-VMAL,Rakotoarisoa Haja Fanilo Miangaly,Toliara,School_65,non admis,bien,A2
83961-LFSU,Andrianarivo Tiana Miangaly Fitiavana,Farafangana,School_40,admis,bien,C
72196-JLMS,Raharinaivo Hasina Fanilo Herilala,Antsirabe,School_36,non admis,passable,C
94382-VDJU,Randria Soa Haja Finaritra,Antsirabe,School_90,non admis,passable,A1
61272-KWKZ,Randria Miangaly Finaritra Hery,Antsirabe,School_19,admis,passable,A2
87157-FVJT,Rajaonarison Fanilo Fitiavana,Fianarantsoa,School_64,non admis,très bien,A1
10893-ZYWS,Rakotoarisoa Miangaly Tovo,Antsiranana,School_45,non admis,passable,D
25039-MOZP,Randrianarivelo Haja Herilala Soa Hery,Antsirabe,School_82,admis,assez bien,C
20010-HUNU,Raharimanana Mamy Miangaly Tojo,Toliara,School_10,non admis,passable,A2
15204-YEYK,Raharinaivo Herilala Haja,Morondava,School_7,non admis,passable,A1
50443-EUEP,Rasolofo Rina Tiana Tojo,Antsiranana,School_18,admis,assez bien,A1
13749-KYQI,Rakotomamonjy Rina Tojo Soa,Farafangana,School_89,admis,très bien,OSE
97264-QXPA,Rasolofo Fanilo Hasina,Antananarivo,School_12,admis,passable,A1
66769-BICE,Randrianarivelo Soa Herilala Rina Hery,Mahajanga,School_40,admis,passable,A1
66799-BILN,Rajaonarison Tiana Tojo Mamy Soa,Morondava,School_50,non admis,très bien,D
15538-BWAN,Rasolofo Miangaly Soa Fitiavana Finaritra,Mahajanga,School_63,admis,passable,A2
98485-DNAM,Rakotomamonjy Fanilo Rina Tojo,Toliara,School_42,admis,passable,A2
14140-LHXN,Raharimanana Soa Herilala Finaritra,Fianarantsoa,School_29,non admis,passable,D
67707-AUXG,Rakotomamonjy Tojo Finaritra,Ambatondrazaka,School_83,admis,passable,A1
97039-CACZ,Rakotomamonjy Herilala Andry,Toamasina,School_67,non admis,assez bien,S
32268-OFCR,Raharimanana Mamy Tojo Herilala Hery,Ambatondrazaka,School_15,non admis,passable,A1
98619-WGTS,Rakotomamonjy Mamy Tovo Hery Soa,Mahajanga,School_39,non admis,passable,A2
28416-KTUX,Rasolofoson Haja Soa Tovo,Toamasina,School_74,admis,passable,A2
46816-YRVL,Rasolofoson Andry Tiana Finaritra Hasina,Mahajanga,School_59,admis,passable,A2
51176-KUPO,Rajaonarison Fanilo Tovo,Farafangana,School_36,admis,passable,A1
91697-DFQF,Randrianarivelo Fitiavana Fanilo Mamy Andry,Toamasina,School_65,non admis,bien,A2
14978-CPPZ,Rasolofoson Soa Andry,Toamasina,School_7,admis,bien,A2
40207-STRO,Rajaonarison Tojo Rina,Fianarantsoa,School_43,non admis,assez bien,D
46735-GMVH,Rasolofoson Tovo Miangaly Tiana Hasina,Toamasina,School_3,admis,passable,A1
69627-OSBI,Raharimanana Hasina Haja,Ambatondrazaka,School_31,non admis,passable,A2
51704-BLJV,Randrianarivelo Finaritra Haja Herilala,Antsirabe,School_48,non admis,passable,D
90790-IBHN,Randrianarivelo Miangaly Rina,Ambatondrazaka,School_42,admis,passable,C
59797-VJQZ,Rajaonarison Miangaly Rina,Antananarivo,School_61,admis,passable,D
84859-SSNI,Rasolofoson Fanilo Tovo Tiana Hasina,Toliara,School_31,non admis,passable,C
71087-UULC,Rakotoarisoa Tovo Fanilo,Mahajanga,School_99,admis,passable,A2
97821-OZIZ,Rajaonarison Andry Haja,Toliara,School_21,admis,passable,OSE
36954-JKGP,Randrianarivelo Hasina Tiana Mamy Rina,Antananarivo,School_81,non admis,passable,A1
23414-SSVS,Andrianarivo Hasina Soa,Mahajanga,School_54,non admis,passable,A2
25483-EKET,Andrianarivo Tovo Herilala,Toliara,School_70,admis,bien,C
94441-LLKT,Andrianarivo Hery Tojo Fanilo,Farafangana,School_14,non admis,assez bien,A2
31579-ZCTI,Rakotoarisoa Finaritra Rina Hery Mamy,Mahajanga,School_88,non admis,passable,C
49257-JDTP,Randria Soa Fitiavana Andry,Toamasina,School_39,non admis,assez bien,A1
85266-GEVY,Rakotoarisoa Fanilo Hasina Fitiavana Soa,Antsiranana,School_60,non admis,passable,S
22320-WIXJ,Randrianarivelo Andry Mamy,Farafangana,School_9,admis,passable,A1
32920-KMQU,Rasolofo Finaritra Mamy Hery,Ambatondrazaka,School_17,admis,passable,S
25021-BWUG,Andrianarivo Haja Andry Hery,Toliara,School_55,non admis,passable,D
51456-ARAM,Rakotoarisoa Herilala Haja Andry Mamy,Farafangana,School_100,non admis,passable,A2
56099-VKUK,Andrianarivo Fitiavana Fanilo Tovo,Mananjary,School_65,admis,passable,L
41365-QBPY,Raharimanana Fitiavana Miangaly,Toliara,School_58,non admis,bien,A1
99523-KZUU,Rasolofo Tovo Rina Tojo,Mananjary,School_7,non admis,passable,A2
28113-USRR,Raharimanana Fanilo Tojo Fitiavana,Farafangana,School_87,non admis,passable,A1
97337-OTOR,Raharinaivo Fanilo Soa Hery Tovo,Mananjary,School_22,non admis,passable,A2
83692-WZVE,Randrianarivelo Rina Fitiavana Andry Fanilo,Mahajanga,School_50,non admis,passable,C
85671-BBVM,Randrianarivelo Soa Haja,Antsiranana,School_67,admis,passable,D
45804-TMSA,Andrianarivo Fanilo Tojo,Toliara,School_37,non admis,passable,A2
94493-ERHM,Raharinaivo Tojo Haja Fanilo Tovo,Ambatondrazaka,School_40,admis,bien,D
26820-YXTF,Rajaonarison Tiana Miangaly,Farafangana,School_96,non admis,passable,A1
88612-CWYX,Rajaonarison Rina Haja Soa,Toamasina,School_49,admis,passable,A1
59182-NAHO,Randria Mamy Finaritra,Toamasina,School_72,non admis,passable,L
86372-NBFS,Raharinaivo Hasina Tovo Herilala,Mananjary,School_49,non admis,passable,A1
34996-LTCY,Raharimanana Soa Andry Fanilo Haja,Morondava,School_28,non admis,passable,A2
32739-PXDC,Raharimanana Hasina Tiana,Toamasina,School_44,non admis,passable,C
45388-VPUF,Rakotomamonjy Miangaly Finaritra Hasina Herilala,Antananarivo,School_17,non admis,passable,D
27250-LINJ,Raharimanana Fitiavana Haja,Antsiranana,School_94,non admis,passable,A2
65782-NXZA,Raharinaivo Soa Hery,Toliara,School_36,admis,bien,A2
65796-RQOJ,Rasolofo Herilala Haja Hery,Mahajanga,School_55,admis,passable,L
64006-AFIM,Randria Tiana Hery Haja Tojo,Antananarivo,School_69,admis,assez bien,A1
14969-KMVK,Rakotoarisoa Rina Miangaly Tojo Fitiavana,Antsirabe,School_19,admis,passable,A2
46031-CNGU,Rasolofo Tiana Andry,Antananarivo,School_9,non admis,passable,C
13474-WCXK,Rasolofoson Fitiavana Hery Tojo Fanilo,Toamasina,School_57,non admis,passable,A1
63673-NCSO,Randria Tiana Tojo Tovo Soa,Antsiranana,School_44,non admis,passable,A2
81310-VESZ,Randria Hasina Herilala,Antananarivo,School_44,admis,passable,D
53482-CMUP,Raharimanana Finaritra Andry Herilala,Antsiranana,School_96,non admis,passable,A1
39016-BSMC,Raharinaivo Miangaly Herilala Fanilo,Ambatondrazaka,School_84,non admis,passable,A1
17722-ZIYL,Randrianarivelo Tojo Fitiavana,Farafangana,School_68,non admis,passable,A2
13971-UULS,Raharimanana Mamy Hery Tiana Finaritra,Antsiranana,School_67,admis,passable,A1
30915-PYOA,Rasolofoson Hasina Andry,Toliara,School_24,non admis,passable,A2
55837-JCFE,Randria Herilala Soa Finaritra,Fianarantsoa,School_54,admis,passable,OSE
91001-TAQZ,Raharimanana Herilala Tovo,Antsiranana,School_63,admis,passable,D
89846-CZHF,Rasolofo Fanilo Tojo Hasina,Toamasina,School_66,admis,passable,L
38030-ZFDN,Rasolofo Rina Mamy,Toamasina,School_73,non admis,passable,L
71860-DCYL,Rajaonarison Finaritra Miangaly Hery Fanilo,Mahajanga,School_65,admis,passable,C
26344-HDCD,Rakotomamonjy Fitiavana Hasina Tiana,Mananjary,School_48,non admis,passable,A1
43689-HRLP,Raharimanana Fanilo Tiana,Ambatondrazaka,School_32,admis,passable,C
83921-YTML,Raharimanana Haja Finaritra Hery,Antananarivo,School_87,non admis,passable,C
62822-RUED,Randria Soa Finaritra Rina Mamy,Ambatondrazaka,School_32,non admis,passable,A2
67579-BPCG,Rasolofoson Tiana Hasina,Antsirabe,School_58,admis,passable,A2
93560-KOBS,Raharinaivo Tiana Miangaly Andry,Antananarivo,School_36,non admis,passable,C
40975-DHRR,Rasolofo Tovo Hasina Fitiavana,Antananarivo,School_36,non admis,passable,A2
28522-XLCT,Rakotomamonjy Fanilo Tojo Finaritra Hery,Mananjary,School_71,admis,passable,OSE
95621-DGYE,Raharinaivo Fanilo Herilala Haja,Farafangana,School_74,admis,passable,A2
43762-IRLK,Randria Mamy Miangaly,Toliara,School_56,non admis,passable,A2
96362-UXWV,Rajaonarison Rina Soa Tojo Miangaly,Antananarivo,School_9,non admis,passable,A1
25709-VJLJ,Rasolofoson Haja Hasina Fanilo Herilala,Antsirabe,School_95,non admis,passable,C
36461-HNPI,Rasolofo Fanilo Andry Tovo,Ambatondrazaka,School_17,non admis,très bien,L
66301-TYFV,Raharinaivo Mamy Fitiavana,Antsiranana,School_31,non admis,passable,A2
37950-MHEG,Raharimanana Finaritra Hasina Soa,Farafangana,School_94,admis,passable,A2
62857-SCXY,Raharinaivo Rina Hery,Ambatondrazaka,School_71,admis,passable,A1
35446-VYHI,Raharinaivo Hery Andry,Mahajanga,School_36,admis,bien,C
19646-APVV,Raharimanana Hery Herilala Miangaly Fanilo,Toliara,School_82,non admis,passable,A2
36454-PMBU,Randrianarivelo Andry Hery Herilala,Antsirabe,School_63,non admis,passable,C
64051-VPNF,Raharimanana Andry Tovo Mamy,Morondava,School_45,admis,passable,L
10347-PWQU,Raharimanana Finaritra Hery Hasina Haja,Ambatondrazaka,School_50,non admis,passable,C
11941-QJEN,Rasolofo Soa Rina Fanilo,Antsirabe,School_6,non admis,passable,A1
15714-SEXX,Rasolofoson Fanilo Tojo Haja,Toamasina,School_8,admis,passable,D
99294-ZOKZ,Randria Hasina Tiana Hery Fitiavana,Farafangana,School_22,non admis,passable,D
92185-BRFY,Rajaonarison Miangaly Finaritra,Toamasina,School_28,admis,passable,A2
55642-RVQQ,Andrianarivo Hery Miangaly Rina,Morondava,School_47,non admis,passable,C
49725-RZHZ,Rakotomamonjy Fanilo Tojo Hery,Antsirabe,School_54,non admis,passable,D
58257-QADN,Randrianarivelo Miangaly Andry Tojo Tovo,Mahajanga,School_40,non admis,passable,OSE
98948-YILB,Raharimanana Fitiavana Finaritra Herilala Fanilo,Mahajanga,School_38,admis,passable,OSE
94389-ONQZ,Randrianarivelo Tovo Miangaly Fanilo,Mahajanga,School_57,admis,passable,D
43175-UTSP,Randrianarivelo Tojo Rina,Antsiranana,School_6,admis,passable,A2
23880-EFAB,Rajaonarison Haja Fitiavana Soa Tovo,Antsiranana,School_16,non admis,très bien,A2
69768-VZTJ,Rasolofoson Hery Soa,Toamasina,School_12,non admis,passable,D
35191-YXML,Randria Soa Finaritra Hasina Miangaly,Morondava,School_94,admis,passable,A1
65325-LSQI,Andrianarivo Miangaly Finaritra Rina,Antananarivo,School_15,non admis,très bien,L
53402-HYYY,Andrianarivo Hery Fitiavana Mamy Fanilo,Ambatondrazaka,School_22,non admis,passable,A1
37422-QNFS,Andrianarivo Miangaly Rina Tojo Mamy,Toliara,School_42,admis,passable,A1
20772-VUFM,Rasolofo Hery Tojo,Toamasina,School_26,non admis,passable,A2
99669-AQVP,Rasolofo Andry Rina Tojo,Antsirabe,School_5,non admis,passable,A2
57694-LIAO,Rasolofoson Tiana Mamy,Antsirabe,School_83,admis,passable,A1
53774-VZBL,Rakotoarisoa Tovo Rina,Antsirabe,School_62,admis,passable,A1
97292-KQUG,Randrianarivelo Soa Finaritra Haja,Mahajanga,School_43,non admis,bien,D
12906-JGGK,Rakotomamonjy Miangaly Tojo Rina,Farafangana,School_43,admis,assez bien,A1
36824-IXTY,Raharinaivo Hery Andry,Farafangana,School_73,non admis,passable,A1
16970-PVBT,Rasolofoson Tiana Soa Miangaly,Mananjary,School_13,non admis,passable,C
57098-RVWW,Rakotoarisoa Herilala Tovo,Antananarivo,School_68,non admis,passable,C
69367-CUYM,Randria Hery Soa Tovo,Ambatondrazaka,School_60,non admis,assez bien,A2
90515-UBJU,Randria Miangaly Mamy Hasina,Toamasina,School_16,non admis,passable,L
80881-JRCB,Rajaonarison Andry Miangaly,Antsiranana,School_80,non admis,passable,A2
43498-TINL,Rasolofoson Hery Soa Tovo Fitiavana,Mahajanga,School_34,non admis,bien,OSE
41348-MWKH,Rasolofoson Haja Soa,Ambatondrazaka,School_18,non admis,passable,OSE
61593-KEJL,Rasolofo Herilala Tiana,Antsirabe,School_71,non admis,passable,D
73602-FBBH,Raharimanana Fitiavana Tiana Herilala Tojo,Ambatondrazaka,School_10,admis,passable,L
99474-SEAC,Randrianarivelo Hasina Tiana,Fianarantsoa,School_64,non admis,assez bien,A1
37383-GRGW,Rajaonarison Fanilo Miangaly Tiana,Antsiranana,School_21,non admis,passable,A2
83653-GRZS,Randrianarivelo Hasina Fitiavana,Ambatondrazaka,School_18,admis,bien,A1
74450-IBDK,Rakotoarisoa Finaritra Fanilo,Toliara,School_43,non admis,passable,A1
95008-KQFH,Rajaonarison Miangaly Tiana Tojo Andry,Fianarantsoa,School_68,non admis,assez bien,C
39836-CZRY,Randria Tiana Finaritra,Antsiranana,School_31,non admis,passable,A1
45015-RPIG,Randrianarivelo Finaritra Miangaly Andry,Toamasina,School_43,admis,passable,A1
66309-MVVP,Rajaonarison Tojo Soa Miangaly,Antsirabe,School_67,non admis,passable,OSE
51078-SYDO,Rakotoarisoa Hasina Rina Fanilo,Farafangana,School_40,non admis,passable,A1
31071-ZKAL,Randria Rina Tiana Fitiavana,Ambatondrazaka,School_33,admis,passable,D
74539-BTMU,Rasolofoson Hasina Haja Hery,Antananarivo,School_96,admis,passable,A1
26580-YPVS,Rajaonarison Haja Andry,Mahajanga,School_55,non admis,passable,A2
48204-MAFE,Rajaonarison Rina Hasina,Antsirabe,School_21,non admis,passable,A2
19325-LGSA,Andrianarivo Herilala Fanilo,Farafangana,School_62,admis,passable,A2
49799-GLUG,Raharinaivo Tojo Mamy Finaritra Hasina,Antsirabe,School_43,non admis,passable,D
66282-FDXJ,Rajaonarison Soa Fitiavana,Toamasina,School_62,admis,passable,C
88660-BNND,Rasolofo Miangaly Tovo,Antsirabe,School_40,non admis,passable,L
64211-IAWD,Andrianarivo Tojo Rina,Mahajanga,School_19,non admis,passable,A1
54721-JCOX,Raharimanana Tojo Herilala Hasina,Fianarantsoa,School_93,non admis,passable,D
82526-CABF,Randrianarivelo Tiana Finaritra,Mananjary,School_96,non admis,passable,A2
43079-POIA,Andrianarivo Tiana Tovo,Fianarantsoa,School_13,non admis,passable,A2
42301-DUBL,Raharinaivo Herilala Tojo Hery,Toliara,School_32,admis,passable,A1
37627-BMSC,Rasolofoson Tojo Soa Finaritra Andry,Antsiranana,School_15,non admis,passable,S
76823-UJJH,Rasolofoson Finaritra Tojo,Mananjary,School_25,admis,passable,A1
70022-FERH,Rajaonarison Mamy Finaritra Andry Haja,Fianarantsoa,School_56,admis,passable,A2
60000-QYAP,Rakotoarisoa Tiana Fanilo Fitiavana,Mahajanga,School_58,admis,passable,C
34359-GZVD,Andrianarivo Finaritra Fanilo Tojo Andry,Mahajanga,School_99,non admis,passable,A2
87917-TIGX,Rasolofoson Haja Hasina Soa,Farafangana,School_67,admis,passable,A2
54367-QTEO,Rasolofo Finaritra Andry,Morondava,School_39,non admis,passable,A1
23457-AJEY,Rajaonarison Finaritra Andry Fanilo Miangaly,Mananjary,School_83,admis,bien,D
36553-UOHO,Raharimanana Hasina Herilala Haja,Fianarantsoa,School_12,non admis,passable,C
71561-SYMT,Rakotoarisoa Mamy Tojo Haja,Antsirabe,School_23,non admis,bien,C
56127-VLUF,Rakotoarisoa Herilala Rina Mamy,Ambatondrazaka,School_57,non admis,passable,A1
52409-VWRF,Randrianarivelo Rina Hery Hasina,Farafangana,School_12,non admis,très bien,A2
33466-MRQS,Raharinaivo Tiana Soa Haja Miangaly,Mahajanga,School_81,non admis,assez bien,A2
53536-OTRQ,Rajaonarison Finaritra Haja Tojo Tiana,Farafangana,School_78,admis,passable,S
87958-JQZL,Rasolofoson Finaritra Hasina,Fianarantsoa,School_8,admis,passable,A1
23142-UZOY,Randria Fitiavana Tojo,Mananjary,School_9,admis,passable,A1
64472-LRQG,Randria Hasina Miangaly Andry,Antsirabe,School_40,admis,passable,A1
86802-ZDCU,Andrianarivo Hery Soa,Ambatondrazaka,School_83,admis,passable,A2
35111-QETG,Rajaonarison Hery Herilala Tojo Fanilo,Toamasina,School_25,non admis,passable,A2
59915-SSNF,Rasolofoson Miangaly Andry Hery,Farafangana,School_97,non admis,bien,A2
10918-KJFY,Randria Tojo Finaritra,Antsiranana,School_41,non admis,passable,A2
35973-HVIM,Randria Herilala Hery Fitiavana,Farafangana,School_56,admis,bien,A2
80156-OBZB,Andrianarivo Finaritra Rina,Antananarivo,School_15,non admis,passable,A1
75611-HTIX,Raharimanana Hasina Hery Andry,Antsirabe,School_60,non admis,passable,D
94388-RFMV,Raharimanana Finaritra Miangaly Haja Fanilo,Antsirabe,School_17,non admis,passable,A1
56780-DVWZ,Randrianarivelo Soa Rina Herilala Fanilo,Mananjary,School_96,non admis,passable,A2
23553-RPRH,Randrianarivelo Tojo Soa Tovo Miangaly,Farafangana,School_3,admis,passable,A1
84011-QNCI,Rajaonarison Hasina Rina Miangaly,Morondava,School_50,non admis,passable,A2
99527-QZTH,Randria Mamy Tiana,Ambatondrazaka,School_33,non admis,bien,A2
62785-YROC,Rasolofo Tovo Tojo Herilala Hasina,Antsiranana,School_89,admis,passable,A2
83499-HDYQ,Rasolofo Hasina Soa Tojo Finaritra,Mananjary,School_36,admis,passable,A1
67198-UBFY,Rajaonarison Soa Fanilo Andry,Farafangana,School_96,admis,passable,A1
30654-MKEW,Rakotomamonjy Miangaly Hasina Rina,Antsirabe,School_79,non admis,passable,C
43988-HUYL,Raharinaivo Fanilo Tojo Mamy,Antsiranana,School_6,admis,bien,A1
92383-FTET,Rakotomamonjy Herilala Finaritra Miangaly,Antsirabe,School_91,non admis,passable,L
17498-ZMAF,Rasolofo Herilala Finaritra,Toliara,School_40,non admis,passable,A2
26774-XGCT,Rakotomamonjy Herilala Tiana Rina,Ambatondrazaka,School_61,admis,passable,A1
57883-JIUX,Rakotomamonjy Finaritra Tojo Rina Mamy,Antananarivo,School_32,non admis,passable,A2
78132-AFSZ,Randrianarivelo Tovo Tiana Hery,Mananjary,School_4,admis,passable,C
92014-HOLP,Rakotoarisoa Fanilo Tovo Tojo,Mananjary,School_53,non admis,passable,A2
46455-EDMN,Raharimanana Andry Soa,Antsiranana,School_86,admis,passable,A2
72684-MKNU,Rasolofoson Herilala Finaritra Soa,Mahajanga,School_89,non admis,passable,OSE
24043-XAQM,Rakotomamonjy Herilala Hery Tovo,Toliara,School_66,admis,passable,A2
92458-XJJQ,Randrianarivelo Herilala Tovo,Antsirabe,School_45,non admis,passable,C
74346-ADTX,Randria Tiana Finaritra,Mananjary,School_70,admis,bien,A2
82897-DGHM,Randrianarivelo Miangaly Soa Haja,Antsirabe,School_52,non admis,passable,A2
47897-HLWA,Randria Hasina Haja,Fianarantsoa,School_16,non admis,passable,A2
46718-EXGE,Rasolofoson Fitiavana Fanilo Mamy Hery,Antananarivo,School_95,non admis,passable,A1
31316-TIZS,Rajaonarison Mamy Andry,Fianarantsoa,School_57,non admis,passable,C
24913-GKNZ,Rajaonarison Rina Tojo,Mananjary,School_54,non admis,très bien,A1
31008-DWVC,Rasolofo Tojo Soa Miangaly Tovo,Farafangana,School_22,non admis,bien,A2
74845-LLKU,Randrianarivelo Tiana Rina Hery Fanilo,Toliara,School_29,admis,bien,A1
26480-CSCG,Rasolofo Tojo Rina Hasina,Ambatondrazaka,School_79,non admis,passable,C
31183-NVZH,Raharimanana Rina Mamy,Toamasina,School_45,admis,passable,D
80164-WEPM,Randrianarivelo Tiana Mamy,Toliara,School_30,non admis,passable,A2
86124-XVMR,Raharimanana Mamy Fitiavana,Mananjary,School_80,admis,assez bien,A1
42394-JXQG,Raharimanana Andry Hery Miangaly,Antananarivo,School_8,non admis,passable,A1
42269-DJHI,Raharimanana Tojo Finaritra,Mananjary,School_43,non admis,passable,D
72792-WHXL,Raharinaivo Hasina Soa,Mahajanga,School_84,non admis,passable,A2
69346-RTJW,Randrianarivelo Rina Fanilo Fitiavana Herilala,Antsiranana,School_16,admis,passable,A1
29801-WPVY,Rakotomamonjy Miangaly Haja Tovo,Toliara,School_46,non admis,passable,A1
66740-XPVR,Raharinaivo Fitiavana Miangaly Finaritra Hery,Antsiranana,School_32,admis,passable,A1
54036-HJZR,Rajaonarison Haja Tojo Mamy Hery,Mananjary,School_30,non admis,passable,A1
31622-KQYR,Rakotoarisoa Rina Haja Mamy Soa,Fianarantsoa,School_69,non admis,bien,A1
36167-IMKX,Rakotoarisoa Finaritra Haja Soa Miangaly,Fianarantsoa,School_5,admis,passable,A1
43489-EIHW,Raharinaivo Soa Finaritra Rina,Fianarantsoa,School_92,non admis,passable,A2
77444-YOEX,Rajaonarison Haja Andry Rina,Mahajanga,School_54,non admis,passable,A2
32836-YZLY,Rakotoarisoa Haja Tiana Hery,Morondava,School_64,admis,passable,C
57754-DSRL,Andrianarivo Tojo Andry Haja,Antananarivo,School_59,admis,passable,C
41503-DHNM,Rasolofo Mamy Tojo,Morondava,School_68,non admis,passable,A2
50046-MQFO,Rakotomamonjy Tovo Miangaly,Toamasina,School_92,non admis,passable,A1
27936-UJLU,Randrianarivelo Mamy Tovo Rina Herilala,Mahajanga,School_7,non admis,passable,A2
56744-MZQX,Rakotoarisoa Tojo Hery,Morondava,School_18,admis,passable,C
76410-BTZL,Rasolofo Tovo Haja,Toliara,School_7,non admis,passable,L
45127-QTPY,Rakotomamonjy Mamy Hasina Hery Finaritra,Toliara,School_6,non admis,passable,A2
83195-IWQZ,Rasolofo Andry Miangaly Fitiavana Herilala,Farafangana,School_18,non admis,passable,A2
87701-QBCP,Raharinaivo Herilala Hasina Mamy,Farafangana,School_26,non admis,passable,OSE
82581-ZVXX,Rasolofo Fanilo Rina Tiana,Ambatondrazaka,School_38,admis,passable,A1
53269-NXZF,Rakotoarisoa Soa Tiana Tovo Andry,Toliara,School_89,non admis,passable,A1
91333-YTUQ,Randria Tojo Hasina Rina,Antananarivo,School_3,non admis,passable,A2
68544-ALOG,Raharinaivo Tojo Soa Herilala Haja,Antsirabe,School_26,non admis,passable,D
84630-SNZP,Raharinaivo Andry Herilala,Mahajanga,School_80,non admis,passable,A2
49893-LIIZ,Rasolofo Finaritra Tiana,Toamasina,School_9,non admis,passable,S
90345-KBCY,Rakotoarisoa Rina Miangaly Haja,Toliara,School_76,non admis,passable,A1
15988-QYTG,Raharimanana Hasina Andry Finaritra Fitiavana,Ambatondrazaka,School_87,non admis,passable,A1
73694-NJWE,Rasolofo Tojo Fanilo,Fianarantsoa,School_98,admis,passable,A2
49468-PDPY,Andrianarivo Tiana Rina Hery,Toliara,School_100,non admis,passable,A2
72037-KYFK,Rakotoarisoa Herilala Fitiavana,Antsirabe,School_19,non admis,très bien,A2
98475-NRKQ,Randria Haja Mamy,Antananarivo,School_49,admis,passable,A2
40509-NWBZ,Rasolofoson Finaritra Fitiavana Fanilo,Fianarantsoa,School_12,non admis,assez bien,A2
26560-HRRO,Randria Hasina Fitiavana,Farafangana,School_91,admis,passable,A1
35403-TWPU,Rakotoarisoa Rina Tovo,Toliara,School_59,admis,assez bien,A2
92845-WYBH,Randria Herilala Tovo,Antsirabe,School_12,non admis,passable,D
98963-EEAL,Rasolofo Hasina Tiana Hery,Antsirabe,School_20,non admis,passable,C
72956-YQFJ,Rajaonarison Herilala Haja Finaritra,Toamasina,School_58,non admis,bien,C
70986-YOWI,Raharimanana Hasina Hery,Mananjary,School_81,non admis,bien,A2
54636-MTQI,Randrianarivelo Finaritra Herilala,Mahajanga,School_97,admis,passable,A1
18781-GCYY,Raharinaivo Tovo Fanilo Herilala,Toamasina,School_53,non admis,passable,S
12517-DSXP,Andrianarivo Rina Hasina,Toliara,School_23,admis,passable,D
46825-VVIH,Randrianarivelo Hery Fanilo Mamy Miangaly,Antsiranana,School_68,non admis,passable,OSE
98955-YMTK,Rasolofoson Hery Andry Tovo,Toamasina,School_34,non admis,passable,D
18567-SDIR,Raharimanana Miangaly Hasina,Morondava,School_3,admis,passable,A1
36545-VVIE,Andrianarivo Herilala Andry Finaritra Fanilo,Mahajanga,School_44,non admis,passable,C
44953-REWF,Randria Hery Tiana Miangaly,Fianarantsoa,School_65,non admis,passable,A1
60187-JYPX,Randrianarivelo Hasina Mamy,Antananarivo,School_10,non admis,passable,A1
19040-VHUI,Randrianarivelo Miangaly Herilala Tiana Fitiavana,Mananjary,School_100,non admis,passable,C
24242-JYOD,Randrianarivelo Mamy Miangaly Tiana Hasina,Antsiranana,School_46,non admis,passable,OSE
15908-CFNR,Raharimanana Hery Tiana Tovo,Mananjary,School_74,non admis,passable,A2
55727-MVQB,Raharinaivo Tojo Tovo Haja,Farafangana,School_76,non admis,passable,L
34480-SILB,Randrianarivelo Hery Andry Finaritra Hasina,Fianarantsoa,School_30,non admis,bien,A2
65424-GNKH,Rajaonarison Fitiavana Herilala Rina,Mahajanga,School_57,admis,passable,L
54433-ZNIU,Raharinaivo Mamy Fitiavana,Mahajanga,School_9,admis,passable,C
85254-RLTE,Randria Fitiavana Finaritra Fanilo,Toamasina,School_60,non admis,passable,D
18901-YIPW,Randrianarivelo Tiana Fanilo Miangaly,Fianarantsoa,School_13,admis,assez bien,A2
83167-CMOR,Rakotoarisoa Hery Mamy,Mananjary,School_5,non admis,passable,A1
78834-BSQA,Andrianarivo Herilala Finaritra Hery,Toliara,School_72,non admis,passable,D
64491-QDVV,Rasolofo Tiana Miangaly Rina Finaritra,Fianarantsoa,School_41,admis,assez bien,A1
11953-YYCT,Rakotoarisoa Tojo Tovo Hasina,Farafangana,School_54,non admis,passable,D
41183-CIZC,Raharinaivo Tiana Finaritra Hery,Ambatondrazaka,School_82,non admis,passable,OSE
60630-LLAD,Raharimanana Fanilo Fitiavana,Antsirabe,School_83,admis,passable,A2
89992-GYIK,Raharinaivo Tovo Miangaly Fitiavana,Mananjary,School_28,admis,passable,A1
92813-EEGZ,Randria Hery Tiana Soa,Fianarantsoa,School_72,non admis,passable,OSE
90323-QYGE,Randria Mamy Tiana Tovo,Mahajanga,School_50,admis,assez bien,A1
70125-KGNJ,Randrianarivelo Andry Rina,Mahajanga,School_47,admis,passable,A2
26977-PEMX,Rasolofo Haja Hasina,Mahajanga,School_15,admis,passable,C
28384-YKOH,Rajaonarison Fitiavana Miangaly Rina Hasina,Morondava,School_65,non admis,passable,A2
29615-ENUD,Rasolofoson Miangaly Hasina Tovo,Fianarantsoa,School_74,non admis,passable,C
78920-ZTCM,Andrianarivo Fanilo Hasina Miangaly Soa,Antananarivo,School_64,admis,passable,A1
91472-GXQT,Randria Herilala Fanilo Andry Hasina,Antsiranana,School_51,non admis,passable,A2
39772-ZSUZ,Rasolofo Hery Tovo Hasina Fitiavana,Toliara,School_51,non admis,passable,A2
95890-YEZG,Rakotomamonjy Andry Herilala Soa,Morondava,School_75,admis,passable,C
54180-QOMZ,Andrianarivo Andry Rina,Ambatondrazaka,School_37,non admis,passable,D
51800-AKQW,Rakotomamonjy Tovo Mamy Tiana,Fianarantsoa,School_96,non admis,bien,A1
26889-RWTX,Raharimanana Miangaly Tojo Rina,Toliara,School_1,admis,passable,A2
49160-SVQE,Randria Mamy Andry,Farafangana,School_51,admis,passable,S
83077-TIPJ,Raharinaivo Miangaly Haja,Antsiranana,School_41,non admis,passable,A2
37104-EEUF,Rasolofoson Fitiavana Finaritra,Antananarivo,School_13,non admis,passable,A1
16222-GBQH,Raharimanana Fitiavana Tojo Fanilo,Antsiranana,School_4,non admis,passable,A2
79691-BPIW,Andrianarivo Rina Andry Miangaly,Morondava,School_26,non admis,passable,A1
61364-JCPN,Randria Tovo Haja Tojo,Antsiranana,School_52,admis,passable,D
86329-QTUR,Rakotomamonjy Hery Andry Rina Herilala,Toliara,School_80,non admis,bien,A1
87129-JAZB,Randrianarivelo Haja Fanilo,Mananjary,School_70,admis,passable,D
69819-WKZZ,Randria Tovo Soa,Antsiranana,School_38,non admis,passable,A1
63765-PAEW,Andrianarivo Haja Finaritra Soa Miangaly,Morondava,School_79,admis,passable,C
81142-ULED,Rasolofo Herilala Rina Tojo,Morondava,School_23,admis,passable,A1
83615-BVKL,Randrianarivelo Andry Hasina Soa,Mahajanga,School_23,admis,passable,A1
16642-BNIK,Randria Soa Andry Tiana Hasina,Mananjary,School_37,admis,passable,A1
34348-XONY,Randrianarivelo Fanilo Soa,Antsirabe,School_33,non admis,bien,A1
30596-EBXL,Rakotomamonjy Hery Fanilo Herilala Rina,Morondava,School_84,admis,passable,A2
64218-AYPB,Randria Haja Soa Tojo,Mananjary,School_24,non admis,bien,A2
48081-JGKY,Rasolofo Andry Hasina Tojo Tovo,Fianarantsoa,School_43,non admis,passable,A2
82966-TBBY,Rasolofo Fanilo Soa Hasina Herilala,Farafangana,School_62,non admis,passable,D
64312-QTHP,Randrianarivelo Hasina Andry Fitiavana Rina,Toliara,School_88,non admis,passable,A1
11098-YNBX,Rajaonarison Tiana Herilala Andry,Mahajanga,School_24,admis,passable,OSE
54857-RYMH,Rakotomamonjy Haja Fanilo Tojo Soa,Morondava,School_63,admis,passable,A1
30638-CZMY,Rasolofo Hasina Tovo,Mananjary,School_52,non admis,passable,A2
92472-RDMI,Rakotomamonjy Hery Tovo,Mananjary,School_61,non admis,passable,A1
36615-HHHV,Andrianarivo Fitiavana Finaritra Soa,Mahajanga,School_4,admis,assez bien,A1
99852-OLGN,Rajaonarison Fanilo Mamy Soa,Ambatondrazaka,School_7,non admis,assez bien,A1
47926-KUKP,Rakotomamonjy Rina Finaritra,Mananjary,School_32,admis,passable,A1
99102-BFTY,Rakotoarisoa Miangaly Herilala Hery,Fianarantsoa,School_41,non admis,assez bien,A2
34744-BCYQ,Rasolofo Rina Finaritra,Antananarivo,School_34,non admis,bien,A2
33152-ONEY,Rasolofoson Mamy Fitiavana Hery,Antsiranana,School_84,admis,passable,OSE
21157-LYCA,Randria Herilala Mamy,Toamasina,School_24,non admis,passable,S
31012-UFEQ,Rasolofo Hasina Herilala Haja,Antananarivo,School_16,non admis,passable,S
74660-VFSQ,Rakotomamonjy Haja Tovo,Morondava,School_21,admis,passable,C
25052-YFUV,Rajaonarison Fitiavana Tojo Haja Soa,Ambatondrazaka,School_10,non admis,passable,A1
38892-QMYM,Rakotomamonjy Miangaly Finaritra Fitiavana,Antananarivo,School_34,admis,bien,A1
33513-BWLY,Rakotoarisoa Rina Tiana Soa,Mananjary,School_18,non admis,passable,A2
27939-KIMV,Rakotoarisoa Hery Soa,Antsirabe,School_55,non admis,passable,S
20001-UPFJ,Randrianarivelo Soa Herilala,Morondava,School_86,non admis,passable,A2
17374-FDZD,Rasolofoson Mamy Tojo Hasina,Ambatondrazaka,School_19,non admis,passable,A1
88015-ZKYJ,Raharinaivo Hasina Herilala Mamy,Ambatondrazaka,School_10,non admis,passable,A2
14783-UABG,Rasolofo Miangaly Soa Hery Tovo,Toliara,School_100,non admis,passable,A2
25352-FBBY,Rasolofo Rina Hasina Andry Fitiavana,Ambatondrazaka,School_19,non admis,passable,A2
69266-SZNT,Rakotomamonjy Fanilo Miangaly Herilala Hery,Mananjary,School_80,non admis,bien,A1
23855-DFDQ,Rakotomamonjy Mamy Miangaly Soa,Ambatondrazaka,School_48,admis,passable,S
94748-NVCK,Rasolofoson Tovo Andry Fanilo,Toliara,School_91,admis,passable,A1
41876-TZPU,Raharinaivo Herilala Rina,Ambatondrazaka,School_74,admis,assez bien,A1
58294-CDJU,Rakotoarisoa Tovo Rina,Morondava,School_38,non admis,passable,C
94189-DPWM,Rakotoarisoa Andry Fitiavana,Mananjary,School_51,non admis,passable,OSE
43557-CPNG,Rakotomamonjy Mamy Soa Haja Miangaly,Farafangana,School_6,admis,passable,A2
95927-CZOK,Raharinaivo Rina Haja,Ambatondrazaka,School_51,non admis,passable,A1
88523-NCJH,Randria Herilala Mamy,Morondava,School_72,admis,passable,A1
52177-HYPJ,Rasolofo Miangaly Tojo,Mananjary,School_32,admis,passable,C
93196-IUJZ,Rajaonarison Hery Tovo Andry Fanilo,Ambatondrazaka,School_97,non admis,passable,A2
89848-FNZK,Randria Hasina Tovo Rina,Ambatondrazaka,School_4,admis,passable,A2
52863-LPKN,Randrianarivelo Mamy Fitiavana Tojo,Farafangana,School_30,non admis,passable,D
17199-TAFY,Rasolofo Hasina Fanilo,Toliara,School_89,non admis,passable,D
78959-YDYK,Rasolofo Finaritra Rina Fanilo,Toliara,School_5,admis,assez bien,A2
85080-PGLG,Randria Tovo Haja Mamy Miangaly,Toliara,School_13,admis,passable,OSE
73685-DKWG,Andrianarivo Tiana Mamy Herilala,Mananjary,School_85,non admis,passable,A1
48146-VVJM,Rakotomamonjy Tiana Fitiavana Hery,Farafangana,School_93,admis,très bien,A2
76861-XGUK,Rasolofoson Herilala Miangaly,Antsirabe,School_93,non admis,assez bien,A1
13010-SXUH,Randrianarivelo Mamy Herilala Rina Tojo,Fianarantsoa,School_31,non admis,passable,A1
25218-VCWY,Rasolofo Soa Finaritra Fanilo Hasina,Toliara,School_92,non admis,bien,A2
52630-OSUE,Andrianarivo Mamy Rina Hery,Antsirabe,School_14,non admis,très bien,A2
68550-UDYH,Rasolofo Tiana Finaritra Herilala Mamy,Ambatondrazaka,School_94,admis,passable,A2
45772-SWED,Rakotoarisoa Haja Tovo Miangaly Herilala,Fianarantsoa,School_46,non admis,passable,A2
23349-DKGJ,Rakotoarisoa Tiana Soa Hasina,Mananjary,School_27,non admis,passable,A1
77143-KGFY,Rakotomamonjy Finaritra Tovo Haja,Toliara,School_84,non admis,passable,A1
47370-ZWXP,Rajaonarison Herilala Haja Hasina Rina,Mahajanga,School_10,admis,bien,A1
52006-TVRI,Andrianarivo Finaritra Rina Fitiavana,Ambatondrazaka,School_30,non admis,passable,D
57117-IFDP,Andrianarivo Herilala Miangaly Tiana Tojo,Fianarantsoa,School_29,non admis,passable,A1
52505-RWOA,Randria Finaritra Tojo Mamy,Fianarantsoa,School_77,admis,passable,A2
62623-MNDX,Randrianarivelo Tiana Tovo Soa Hasina,Fianarantsoa,School_4,admis,assez bien,A2
57911-IGUK,Raharimanana Miangaly Herilala Finaritra,Antsiranana,School_53,admis,passable,A2
31004-COKE,Randrianarivelo Rina Fanilo,Fianarantsoa,School_72,non admis,passable,A2
18104-TWCX,Rakotoarisoa Fanilo Tiana,Toamasina,School_71,non admis,passable,A2
14149-XJSQ,Rajaonarison Tojo Rina Tiana,Mahajanga,School_2,admis,passable,OSE
72832-NTQC,Rajaonarison Tiana Fitiavana Tovo Tojo,Farafangana,School_81,non admis,passable,A2
73031-CVFR,Rasolofoson Tovo Fitiavana Hery Herilala,Toamasina,School_6,non admis,passable,A1
40190-ESCA,Rajaonarison Herilala Fanilo,Fianarantsoa,School_14,non admis,passable,A1
51491-QVGK,Randrianarivelo Haja Mamy Herilala,Mananjary,School_48,admis,passable,A1
51510-HIFF,Rakotomamonjy Fanilo Rina Mamy,Ambatondrazaka,School_33,admis,passable,A2
59671-OFAF,Randria Tovo Tiana Fitiavana Tojo,Antsirabe,School_6,non admis,passable,L
57643-XEUY,Randrianarivelo Tiana Herilala Andry Mamy,Mananjary,School_3,admis,passable,A1
54684-BZMG,Raharinaivo Miangaly Tovo,Fianarantsoa,School_34,non admis,passable,C
34952-KWLW,Rasolofo Tojo Fanilo Fitiavana,Toamasina,School_47,admis,passable,A1
64772-PDML,Randria Miangaly Finaritra Fanilo,Antananarivo,School_15,non admis,passable,A2
22386-MJBX,Randrianarivelo Hery Soa Andry,Toamasina,School_3,non admis,passable,A1
47526-PQGW,Randria Hery Finaritra Haja Hasina,Mahajanga,School_73,non admis,passable,A2
98854-GGJC,Rakotomamonjy Finaritra Tovo,Antsirabe,School_82,non admis,passable,C
41960-YPVD,Randria Tovo Herilala,Toliara,School_14,admis,passable,D
96032-HQRU,Raharimanana Hery Tovo,Mananjary,School_39,admis,passable,C
97253-EJZS,Rakotomamonjy Miangaly Fanilo,Antananarivo,School_90,non admis,passable,A1
33910-UJGO,Rasolofoson Fitiavana Tojo Hery Tiana,Mananjary,School_89,non admis,passable,A1
45185-VNCE,Rakotoarisoa Tovo Herilala Miangaly Tiana,Antsirabe,School_46,non admis,passable,D
37817-EZEO,Rajaonarison Fanilo Miangaly Herilala Haja,Antsiranana,School_80,non admis,très bien,A2
48236-NISM,Rakotomamonjy Finaritra Tojo,Toliara,School_72,non admis,passable,S
23547-GHSQ,Rasolofo Hery Andry Haja Rina,Antsiranana,School_72,non admis,passable,A1
80034-TXGO,Raharinaivo Hasina Haja Tojo,Toliara,School_82,non admis,très bien,OSE
73068-MUWE,Randrianarivelo Tiana Finaritra,Ambatondrazaka,School_58,admis,passable,A1
43726-DJHR,Rakotoarisoa Rina Tovo,Antsirabe,School_31,non admis,passable,A1
44862-RWGC,Randria Finaritra Fitiavana,Antsiranana,School_84,non admis,passable,A1
75802-LTJL,Andrianarivo Mamy Tovo Hasina Rina,Fianarantsoa,School_96,admis,passable,A1
38177-ATFS,Rakotomamonjy Finaritra Soa,Farafangana,School_73,non admis,passable,A2
63025-YKLH,Rasolofoson Tovo Soa,Antsiranana,School_5,admis,passable,A1
37963-JSPA,Rasolofo Hery Hasina Soa,Toliara,School_88,non admis,passable,A1
24592-TSSM,Raharimanana Tojo Finaritra Haja,Mahajanga,School_13,admis,passable,A2
10983-XPFT,Rasolofo Tiana Rina,Toamasina,School_36,non admis,passable,C
11294-EBKR,Raharinaivo Fanilo Hery Mamy,Antsirabe,School_73,admis,passable,C
32008-UAEO,Raharimanana Fitiavana Andry Haja,Toliara,School_90,non admis,passable,S
53230-HXPB,Rajaonarison Miangaly Soa Fitiavana Haja,Mananjary,School_8,non admis,passable,A2
74430-PQKP,Rakotoarisoa Fitiavana Tojo Soa,Ambatondrazaka,School_17,non admis,assez bien,OSE
57302-HRWD,Randrianarivelo Tiana Andry,Mahajanga,School_43,admis,passable,C
63391-BDSV,Rakotoarisoa Soa Fanilo Mamy Fitiavana,Morondava,School_40,admis,assez bien,A2
77511-OXXM,Raharimanana Finaritra Haja Tovo Hery,Antsirabe,School_34,admis,bien,A2
54738-ZDXE,Rasolofoson Hery Haja,Morondava,School_31,non admis,passable,A1
34702-XNIU,Raharimanana Mamy Tojo Soa,Farafangana,School_71,non admis,passable,A2
62594-MOTB,Rasolofo Tojo Fitiavana Miangaly,Antsirabe,School_56,admis,passable,C
43810-JTVY,Rakotomamonjy Tovo Haja,Antananarivo,School_68,admis,très bien,A2
43714-XQEI,Rakotoarisoa Mamy Rina Fanilo,Antsiranana,School_87,non admis,bien,A2
87375-SSRT,Raharimanana Hery Herilala,Mananjary,School_90,admis,bien,OSE
32072-RHWD,Raharinaivo Mamy Miangaly Tiana,Antananarivo,School_55,non admis,passable,A1
37014-NCFL,Raharinaivo Soa Tiana,Antsiranana,School_79,non admis,passable,A2
36082-VUWN,Randrianarivelo Tojo Hery,Toliara,School_89,admis,passable,C
41440-LFVI,Randria Herilala Mamy Fitiavana Haja,Antsiranana,School_17,non admis,passable,D
10626-PIAB,Rajaonarison Andry Hasina Fanilo,Mananjary,School_18,admis,passable,A1
39953-XFDZ,Randria Haja Andry,Antananarivo,School_48,non admis,passable,A2
35902-CILN,Randrianarivelo Andry Tovo Finaritra Fanilo,Mahajanga,School_26,non admis,passable,C
48828-IYDL,Randrianarivelo Andry Tiana Hasina,Mananjary,School_6,non admis,passable,A2
43797-CSDN,Andrianarivo Haja Hasina Fanilo,Mahajanga,School_4,non admis,passable,A1
15292-JYTW,Raharinaivo Herilala Fanilo Soa Hery,Farafangana,School_34,non admis,passable,L
74439-GXTY,Rajaonarison Soa Hery,Ambatondrazaka,School_67,non admis,passable,A1
21439-GNIF,Andrianarivo Fitiavana Hasina,Antsirabe,School_84,admis,bien,A1
27483-LQVC,Rajaonarison Hasina Finaritra Haja,Toamasina,School_61,non admis,passable,A1
67260-YDSN,Rasolofo Mamy Soa Fanilo Hery,Fianarantsoa,School_88,non admis,passable,A1
61549-WVZJ,Rakotoarisoa Miangaly Tovo,Antananarivo,School_95,admis,passable,C
81137-VIIT,Andrianarivo Fanilo Hery Soa,Toamasina,School_23,non admis,passable,A1
45725-JBZO,Rakotomamonjy Soa Fanilo Tovo Hery,Antsirabe,School_79,non admis,passable,D
84899-EPXC,Rasolofoson Fanilo Fitiavana Andry Miangaly,Morondava,School_72,admis,passable,A2
61727-SWUO,Andrianarivo Hery Tojo Finaritra,Morondava,School_26,admis,passable,A1
94516-GBCD,Raharimanana Hery Hasina Rina Haja,Antsirabe,School_32,non admis,passable,OSE
76281-FLIK,Raharimanana Fitiavana Miangaly Tovo,Morondava,School_46,non admis,très bien,D
89540-ZOIM,Rasolofo Finaritra Andry Tojo,Antsirabe,School_36,non admis,passable,D
96140-RAKL,Randrianarivelo Miangaly Tojo,Ambatondrazaka,School_86,non admis,passable,A2
12153-LWKJ,Rajaonarison Finaritra Soa Tovo,Mananjary,School_15,non admis,passable,C
36333-KKAL,Andrianarivo Tojo Soa Hasina,Antsiranana,School_60,admis,passable,A2
31308-NEOP,Rakotomamonjy Finaritra Rina,Fianarantsoa,School_89,admis,passable,A1
70749-EIXJ,Rakotoarisoa Hasina Miangaly Fitiavana Tovo,Antananarivo,School_22,admis,passable,A2
55480-TTJN,Raharinaivo Fanilo Herilala Tiana,Toliara,School_13,admis,passable,D
35884-EUYS,Rakotoarisoa Haja Finaritra Tojo Soa,Antsiranana,School_56,admis,passable,A1
38334-AVIU,Randria Fanilo Tovo Fitiavana Tojo,Morondava,School_80,admis,passable,A2
39240-REOO,Raharinaivo Andry Rina Fanilo Herilala,Ambatondrazaka,School_10,admis,passable,A2
63647-GNVN,Randria Soa Fanilo Tovo,Fianarantsoa,School_24,non admis,bien,C
44916-STKZ,Raharimanana Finaritra Fitiavana Miangaly,Morondava,School_51,admis,passable,A2
49971-QRQV,Raharinaivo Fanilo Tiana Tovo Soa,Fianarantsoa,School_87,admis,passable,A1
49667-TVUD,Randria Tovo Tojo Fanilo,Toliara,School_79,non admis,passable,A1
67676-EJMG,Randrianarivelo Finaritra Andry Tiana,Ambatondrazaka,School_33,non admis,passable,A1
44129-XHWA,Randrianarivelo Miangaly Mamy Hery Hasina,Antananarivo,School_48,admis,assez bien,A1
37317-CCTK,Randria Finaritra Haja Fanilo,Mahajanga,School_76,admis,passable,D
36477-GLKP,Raharimanana Haja Soa Hery Fitiavana,Toliara,School_4,admis,passable,A1
99753-GRZL,Raharinaivo Fanilo Mamy Andry Tojo,Antsiranana,School_20,admis,passable,D
22164-GXBB,Rajaonarison Tovo Finaritra Mamy Soa,Ambatondrazaka,School_62,non admis,passable,A1
35221-YYQK,Raharinaivo Finaritra Mamy Herilala Miangaly,Toamasina,School_77,non admis,passable,A2
47160-HLZP,Raharimanana Hasina Mamy,Toamasina,School_19,non admis,passable,A1
74938-WJHB,Rajaonarison Haja Tovo,Antsiranana,School_26,admis,passable,A2
98149-MXAZ,Randrianarivelo Fanilo Haja Herilala Hasina,Morondava,School_7,non admis,passable,A2
69345-UIII,Raharimanana Rina Finaritra,Ambatondrazaka,School_13,non admis,assez bien,A2
17773-AEZC,Rakotomamonjy Hasina Miangaly Tovo,Antananarivo,School_13,non admis,passable,D
59245-IOGN,Raharimanana Herilala Haja Tovo,Morondava,School_69,admis,bien,D
34229-IQFN,Rakotoarisoa Haja Finaritra,Morondava,School_33,admis,passable,A2
24131-YWNG,Raharimanana Tojo Rina Tovo Mamy,Toliara,School_5,non admis,bien,C
65894-WFJQ,Rajaonarison Hasina Finaritra,Antananarivo,School_66,admis,passable,A2
69080-BILK,Rasolofo Haja Miangaly,Antananarivo,School_38,non admis,passable,A2
69435-QPAB,Rajaonarison Haja Mamy Andry Hasina,Farafangana,School_6,non admis,passable,C
31609-CRFM,Raharinaivo Haja Andry Finaritra,Farafangana,School_47,admis,passable,A2
38720-SEBA,Raharimanana Rina Mamy Herilala,Farafangana,School_20,non admis,passable,C
29332-JZHO,Rakotoarisoa Finaritra Hery Haja,Toliara,School_98,admis,passable,A2
69449-QRDO,Rakotoarisoa Haja Andry,Farafangana,School_19,admis,passable,A1
41947-JRUJ,Rakotomamonjy Haja Hasina Tiana,Antsirabe,School_51,non admis,passable,A1
78858-YLBM,Randria Hasina Rina Finaritra,Mahajanga,School_69,non admis,passable,A2
16060-WRDE,Rasolofo Fanilo Fitiavana Miangaly,Mahajanga,School_33,admis,passable,C
11386-TTMX,Randrianarivelo Tovo Hery,Fianarantsoa,School_77,non admis,assez bien,A1
91067-XINX,Rasolofoson Andry Fitiavana,Fianarantsoa,School_85,admis,passable,A2
71613-SHLF,Andrianarivo Soa Hasina Andry,Toliara,School_83,non admis,passable,A1
43436-ACYQ,Andrianarivo Miangaly Tovo Soa Rina,Ambatondrazaka,School_77,non admis,bien,A1
65110-FUNU,Rakotomamonjy Hasina Soa,Antananarivo,School_76,non admis,passable,D
82116-UVBB,Randrianarivelo Fanilo Miangaly,Antananarivo,School_83,admis,passable,A1
73182-ENVM,Raharimanana Fitiavana Soa Mamy,Antsirabe,School_58,admis,passable,A1
66397-HNRN,Raharinaivo Rina Andry Miangaly,Antananarivo,School_88,admis,passable,A2
89016-REUF,Rakotomamonjy Tovo Miangaly Tiana Fanilo,Toamasina,School_2,non admis,bien,A1
18353-BBZT,Rajaonarison Rina Herilala Hery Fitiavana,Farafangana,School_86,admis,passable,A2
76872-LHJK,Raharinaivo Fanilo Soa Tovo,Toliara,School_58,admis,très bien,A2
97968-GZDF,Rakotoarisoa Mamy Hasina,Antananarivo,School_41,admis,passable,D
26374-RHMB,Randrianarivelo Haja Soa Herilala,Morondava,School_56,non admis,passable,S
44718-XIBJ,Rakotomamonjy Andry Haja,Farafangana,School_45,admis,passable,C
37636-JMNL,Rasolofoson Fitiavana Tovo Rina Soa,Toamasina,School_83,non admis,passable,D
45192-GMNU,Rakotomamonjy Mamy Soa,Ambatondrazaka,School_9,non admis,passable,A1
56044-LFHI,Raharimanana Fitiavana Mamy Tojo,Ambatondrazaka,School_48,admis,passable,A1
49147-VQLJ,Rakotoarisoa Rina Fitiavana Soa Tojo,Farafangana,School_20,admis,passable,A2
93771-YDUH,Raharimanana Miangaly Herilala Tiana,Morondava,School_62,non admis,passable,C
19359-KYYA,Andrianarivo Haja Fitiavana,Mahajanga,School_17,admis,bien,A2
96729-NGLU,Raharimanana Soa Hery Herilala Tovo,Antananarivo,School_10,non admis,passable,A1
67198-SKYB,Rasolofo Hasina Tiana Andry,Fianarantsoa,School_36,admis,passable,D
98654-OLNB,Rajaonarison Mamy Herilala Fanilo,Ambatondrazaka,School_92,admis,passable,A2
53486-TPQK,Andrianarivo Rina Soa Fitiavana Hery,Toamasina,School_15,admis,passable,A1
18372-JHUJ,Raharimanana Tovo Andry,Fianarantsoa,School_37,non admis,passable,A1
75212-ZEDW,Raharinaivo Hasina Tovo Soa Herilala,Mananjary,School_34,non admis,passable,A2
39844-KBVN,Andrianarivo Haja Mamy Andry,Antananarivo,School_99,non admis,passable,A1
80390-YSIF,Rajaonarison Hery Hasina Haja,Antsirabe,School_47,non admis,passable,D
58591-ZDBQ,Raharinaivo Tiana Andry Tovo,Antananarivo,School_20,non admis,passable,A2
22462-BBBQ,Raharimanana Andry Tojo Tovo Soa,Toliara,School_73,non admis,passable,A2
46262-XPWV,Rasolofoson Hery Andry Miangaly Soa,Antsiranana,School_100,admis,passable,A1
58184-PQRV,Rajaonarison Rina Fanilo Hasina,Antsirabe,School_87,admis,assez bien,A2
10220-HIXH,Raharimanana Finaritra Mamy Rina Andry,Fianarantsoa,School_72,non admis,passable,A2
54986-IUIA,Rasolofo Herilala Tiana Andry Fanilo,Farafangana,School_36,non admis,passable,OSE
75234-AWWE,Andrianarivo Tojo Hasina Fanilo Soa,Mananjary,School_59,non admis,passable,S
62305-IEZA,Rasolofo Hery Fitiavana Finaritra Rina,Ambatondrazaka,School_14,non admis,bien,A1
69496-OEPY,Rakotoarisoa Hery Tiana Soa,Antananarivo,School_84,admis,passable,A1
37178-TZRY,Rakotomamonjy Rina Finaritra Herilala,Antsirabe,School_65,non admis,passable,A1
89547-JTTJ,Raharinaivo Hasina Finaritra Fitiavana Herilala,Fianarantsoa,School_49,admis,passable,A1
28327-JDMM,Rakotomamonjy Rina Soa Miangaly,Mahajanga,School_26,admis,passable,C
50646-PWYW,Rakotomamonjy Miangaly Haja Tovo,Morondava,School_29,non admis,passable,A1
63125-AGFG,Rajaonarison Finaritra Tojo Fanilo,Farafangana,School_37,non admis,passable,A1
61398-AHDB,Rakotoarisoa Haja Hasina Herilala,Antananarivo,School_10,admis,passable,A1
47212-XLKO,Rajaonarison Soa Fitiavana Tiana,Fianarantsoa,School_38,admis,passable,A2
97023-PNSS,Raharinaivo Tovo Haja Soa,Toamasina,School_29,non admis,passable,D
20302-DFCE,Rakotoarisoa Andry Mamy,Farafangana,School_83,admis,passable,L
58085-NUFQ,Raharinaivo Tiana Miangaly Fanilo,Antsiranana,School_23,non admis,passable,A1
87138-PLWI,Randria Hery Haja Tiana Fitiavana,Antsirabe,School_83,admis,passable,A1
63206-HIFU,Andrianarivo Hery Andry Tojo Tiana,Fianarantsoa,School_40,admis,assez bien,A1
93758-TIXG,Rasolofo Tojo Andry,Mananjary,School_10,admis,passable,A2
11475-EVDW,Randria Miangaly Fanilo Rina,Toliara,School_66,admis,passable,C
68061-YGEY,Rakotomamonjy Hery Fanilo Rina,Morondava,School_6,admis,assez bien,A1
30335-NROA,Randrianarivelo Hasina Andry,Antsirabe,School_14,non admis,passable,D
47257-SCBO,Raharimanana Mamy Tojo Fitiavana Finaritra,Farafangana,School_52,non admis,passable,A2
41807-OCIB,Randrianarivelo Mamy Herilala Hasina,Toliara,School_81,non admis,passable,D
41081-ARYZ,Rakotomamonjy Fanilo Hasina,Antsiranana,School_23,non admis,assez bien,A2
46341-VSSW,Rakotomamonjy Andry Tovo Tojo,Antsiranana,School_7,non admis,passable,A2
96850-VVHQ,Andrianarivo Mamy Haja Fitiavana Tovo,Ambatondrazaka,School_42,non admis,passable,A2
85775-IFLA,Raharimanana Herilala Hery Soa,Fianarantsoa,School_54,admis,passable,OSE
29794-QVUR,Rasolofoson Fitiavana Rina Miangaly,Mananjary,School_74,admis,passable,A1
93049-IOKN,Raharimanana Fitiavana Hery Tiana,Toamasina,School_62,admis,passable,A1
14267-ZHOH,Rasolofo Soa Herilala Tojo,Ambatondrazaka,School_100,non admis,passable,A1
41457-JLAH,Raharimanana Fitiavana Finaritra,Mahajanga,School_19,non admis,passable,A1
85053-FETV,Randrianarivelo Fanilo Haja,Toamasina,School_83,non admis,bien,A2
79733-MBRX,Andrianarivo Tojo Tiana Soa,Antsirabe,School_2,admis,passable,S
43712-LDBW,Raharimanana Tiana Miangaly Hery,Ambatondrazaka,School_32,admis,passable,A2
27430-KTZS,Raharimanana Miangaly Tovo Hasina,Morondava,School_69,non admis,passable,A1
76361-IEPX,Andrianarivo Soa Herilala Fanilo,Morondava,School_81,non admis,passable,A1
28831-YUDS,Rakotomamonjy Tovo Soa Miangaly Mamy,Toamasina,School_62,non admis,très bien,D
96183-ANKR,Rakotomamonjy Herilala Tiana Soa Hery,Toliara,School_90,non admis,passable,OSE
95283-YHGU,Rajaonarison Herilala Fanilo Tovo,Toamasina,School_69,admis,passable,C
84422-OQVJ,Raharimanana Soa Tojo,Antsirabe,School_20,non admis,passable,D
15548-UMWR,Rasolofo Hery Hasina Tojo,Mananjary,School_21,non admis,passable,A1
28314-KZCB,Rasolofoson Mamy Fanilo,Antananarivo,School_61,non admis,passable,C
25247-MYRS,Rajaonarison Haja Hery Herilala Hasina,Antsiranana,School_89,admis,passable,L
90080-YSSN,Rakotoarisoa Haja Miangaly Rina Mamy,Mahajanga,School_22,non admis,passable,C
23414-PJHN,Rasolofo Miangaly Soa,Mahajanga,School_91,non admis,très bien,A2
12415-RMXZ,Randrianarivelo Herilala Hasina,Antsirabe,School_29,admis,passable,A1
19152-UDXQ,Rakotomamonjy Tovo Mamy Hasina,Mananjary,School_68,non admis,passable,OSE
18617-MOHO,Raharimanana Andry Herilala Finaritra,Toamasina,School_98,non admis,passable,A1
34043-GHMH,Randria Mamy Andry Hery,Antananarivo,School_41,non admis,passable,A1
24843-WEWP,Andrianarivo Tiana Miangaly Fanilo Haja,Mananjary,School_29,non admis,passable,L
47604-TAWL,Randrianarivelo Herilala Fanilo Mamy Hasina,Antananarivo,School_41,admis,passable,A1
69604-ASIJ,Rakotomamonjy Tovo Hasina Fanilo,Antsiranana,School_45,non admis,assez bien,A2
73209-OQDJ,Andrianarivo Rina Herilala Tiana,Toamasina,School_73,non admis,passable,OSE
81621-IRCT,Raharinaivo Rina Tojo,Antsirabe,School_10,admis,passable,A1
36641-CVOX,Randria Hasina Andry Tojo Tiana,Antsirabe,School_32,non admis,bien,D
47192-GFIM,Andrianarivo Tovo Tojo Soa Rina,Fianarantsoa,School_79,admis,très bien,A1
82238-MJTH,Rasolofo Fitiavana Fanilo Rina,Mananjary,School_43,non admis,passable,S
17348-XBOG,Raharinaivo Soa Fitiavana,Ambatondrazaka,School_51,non admis,passable,A1
62646-VGOE,Raharinaivo Soa Tiana Tovo Fanilo,Fianarantsoa,School_66,admis,passable,A1
22307-FNIP,Andrianarivo Hasina Rina,Mahajanga,School_88,admis,passable,A2
29292-BPFZ,Raharinaivo Haja Hery Fitiavana Rina,Antsiranana,School_49,non admis,assez bien,A2
88531-LXLH,Rasolofoson Soa Hasina,Antananarivo,School_33,non admis,passable,A2
82808-BUXA,Rasolofo Fanilo Haja Herilala Hery,Morondava,School_19,non admis,passable,C
60014-TFJB,Rasolofo Fanilo Andry Tojo Mamy,Antananarivo,School_27,admis,passable,S
18957-AKAU,Raharinaivo Hery Tiana,Toliara,School_62,admis,passable,A2
32049-CPID,Rajaonarison Hery Fanilo Finaritra Mamy,Mananjary,School_65,non admis,bien,A1
49520-DMFJ,Randrianarivelo Fitiavana Herilala,Antsirabe,School_82,admis,passable,L
86407-TFZD,Andrianarivo Hery Herilala Fitiavana Haja,Toamasina,School_31,non admis,assez bien,S
55135-TNBS,Raharinaivo Miangaly Tiana Tojo Haja,Morondava,School_92,admis,passable,A1
69231-TCUD,Raharimanana Herilala Mamy Fanilo,Morondava,School_87,non admis,passable,A2
51540-AFUF,Andrianarivo Mamy Rina,Mananjary,School_24,admis,passable,A1
26942-GKEB,Randrianarivelo Hasina Rina Herilala,Farafangana,School_65,non admis,passable,A2
18629-JRWT,Randrianarivelo Tojo Tovo,Toliara,School_72,non admis,passable,A2
39331-XTSE,Rajaonarison Herilala Miangaly Tojo Haja,Fianarantsoa,School_67,non admis,passable,A1
75729-FIDG,Raharinaivo Tiana Tojo,Morondava,School_81,admis,passable,D
24200-VMWE,Randrianarivelo Rina Tojo Miangaly,Toamasina,School_65,non admis,passable,OSE
76651-DHAS,Andrianarivo Mamy Soa,Morondava,School_11,non admis,passable,A1
46755-UFHH,Randria Rina Hasina,Mananjary,School_30,admis,passable,D
83412-VUNJ,Andrianarivo Mamy Andry,Antsiranana,School_51,non admis,bien,S
85163-HVGD,Rasolofo Herilala Hery Soa,Antsirabe,School_72,non admis,passable,D
10208-IMKA,Rasolofo Soa Andry,Toamasina,School_55,admis,passable,A1
80427-WUZW,Raharimanana Soa Fanilo Tojo Rina,Toliara,School_5,admis,passable,A1
24496-LKWS,Rasolofoson Miangaly Herilala Finaritra,Antananarivo,School_6,admis,passable,A2
15195-FSYZ,Raharimanana Finaritra Hery Rina,Morondava,School_76,non admis,passable,A2
29989-BIDD,Rajaonarison Hasina Tiana,Morondava,School_95,admis,passable,A2
19790-YLXG,Rasolofoson Andry Rina Finaritra Haja,Morondava,School_36,admis,passable,A1
37043-YILT,Randrianarivelo Rina Tovo,Morondava,School_41,non admis,passable,A2
32752-CKRN,Raharimanana Fanilo Hasina Finaritra,Toliara,School_59,admis,passable,A1
88121-DEEV,Rajaonarison Rina Tiana Fanilo Finaritra,Morondava,School_10,non admis,passable,D
18532-PLBN,Rasolofoson Rina Haja Finaritra Herilala,Antsiranana,School_85,admis,bien,D
12124-DGWB,Randrianarivelo Haja Soa Hery,Mananjary,School_62,admis,assez bien,A1
37337-XYPN,Rasolofoson Miangaly Haja,Antsirabe,School_20,non admis,passable,A2
17466-XBPG,Randrianarivelo Soa Miangaly,Mananjary,School_82,non admis,passable,A1
14163-HWHI,Rakotomamonjy Hery Haja,Toliara,School_75,non admis,passable,A1
61752-GPVA,Rajaonarison Andry Hery Hasina,Ambatondrazaka,School_46,non admis,passable,A2
16654-VUQY,Rakotoarisoa Herilala Andry Soa,Farafangana,School_88,non admis,assez bien,D
54511-HOKH,Randria Fanilo Tiana Hery Mamy,Mananjary,School_22,non admis,passable,A2
12009-UPPF,Raharinaivo Fanilo Soa Mamy Finaritra,Fianarantsoa,School_89,non admis,passable,C
25996-PEGJ,Raharinaivo Soa Tojo,Mahajanga,School_8,admis,passable,A1
82536-ZSCJ,Andrianarivo Tovo Herilala Andry Finaritra,Antsirabe,School_15,non admis,passable,L
26583-FLHV,Rakotomamonjy Herilala Tojo Haja Soa,Toliara,School_47,non admis,assez bien,A1
84319-QZKT,Raharinaivo Hasina Fanilo Tiana,Mahajanga,School_13,non admis,passable,D
22232-DBTL,Rakotoarisoa Herilala Miangaly,Ambatondrazaka,School_60,admis,passable,C
27751-SZKL,Randrianarivelo Miangaly Andry Tovo Hery,Antananarivo,School_73,non admis,passable,A2
11158-VJAL,Rajaonarison Mamy Fitiavana Tiana Andry,Antsirabe,School_43,admis,passable,A1
89714-QJMY,Randria Haja Hery Andry,Fianarantsoa,School_46,admis,assez bien,C
62638-XYFD,Rakotomamonjy Fitiavana Haja Tojo,Mahajanga,School_45,non admis,passable,C
82277-CIDQ,Raharinaivo Finaritra Hasina Hery Miangaly,Ambatondrazaka,School_27,admis,très bien,A1
84675-THVN,Raharinaivo Tojo Tovo,Farafangana,School_31,non admis,passable,A2
25903-CAGM,Randrianarivelo Tiana Tovo Miangaly,Toliara,School_94,non admis,bien,A2
70181-ZZKG,Rasolofoson Tiana Soa,Antsirabe,School_41,non admis,passable,A1
37023-KNYH,Rakotomamonjy Andry Rina Tojo Herilala,Morondava,School_60,admis,passable,OSE
62329-NFOH,Rajaonarison Soa Hasina Finaritra,Toamasina,School_3,non admis,passable,OSE
43554-WPRV,Randrianarivelo Haja Finaritra Hasina Tovo,Morondava,School_80,admis,bien,A2
45125-HXFW,Andrianarivo Tojo Andry Miangaly Herilala,Mananjary,School_58,admis,passable,S
89957-SCFN,Raharimanana Rina Tojo,Mahajanga,School_4,non admis,bien,D
92291-UJAF,Rakotomamonjy Tojo Tovo Herilala Hasina,Morondava,School_66,admis,passable,A1
25284-DDIB,Rakotoarisoa Miangaly Tiana Tovo,Toamasina,School_26,admis,passable,A1
10369-VFPG,Rakotomamonjy Soa Andry Tojo Fitiavana,Toliara,School_76,non admis,passable,D
73472-EQOZ,Andrianarivo Finaritra Tojo Fanilo Soa,Fianarantsoa,School_87,non admis,passable,A1
44555-FTQO,Andrianarivo Hery Mamy,Antsirabe,School_20,admis,très bien,D
28159-BGLI,Rakotomamonjy Hasina Mamy Hery Fitiavana,Ambatondrazaka,School_25,admis,passable,S
19214-VOXF,Rasolofoson Hasina Miangaly,Mahajanga,School_53,non admis,passable,A1
84616-FZUC,Raharimanana Tojo Tiana Miangaly,Antsiranana,School_42,admis,passable,C
44238-IBEI,Rasolofo Tiana Rina Miangaly,Antsiranana,School_77,admis,passable,D
23681-ATLY,Rasolofoson Tojo Fanilo Soa,Farafangana,School_92,non admis,passable,D
38825-GZZU,Rasolofo Miangaly Mamy Haja,Fianarantsoa,School_84,non admis,passable,A2
16030-SQIQ,Rasolofo Haja Rina Finaritra Miangaly,Mahajanga,School_4,non admis,très bien,S
29415-TNUQ,Rajaonarison Miangaly Tojo,Toamasina,School_56,admis,passable,A2
90656-ZRSN,Andrianarivo Fitiavana Miangaly Finaritra Hasina,Antsirabe,School_99,admis,passable,A1
77848-JLVC,Andrianarivo Soa Mamy Finaritra,Morondava,School_49,admis,passable,C
47603-RBUK,Randria Haja Tojo Rina Hery,Mananjary,School_5,non admis,passable,L
47594-YYHW,Randria Fanilo Haja Fitiavana Mamy,Antananarivo,School_90,non admis,passable,OSE
74849-PPBI,Rasolofo Tojo Fanilo Soa Herilala,Mananjary,School_72,non admis,passable,S
31342-UJOI,Rasolofoson Tovo Soa,Antsiranana,School_4,non admis,passable,A2
58273-OLNP,Andrianarivo Miangaly Haja Mamy Fitiavana,Toliara,School_83,admis,passable,C
18614-XNEO,Rajaonarison Mamy Fitiavana Herilala Tojo,Ambatondrazaka,School_58,admis,passable,S
23744-TKBF,Randria Finaritra Rina Miangaly Andry,Morondava,School_97,non admis,passable,A2
51432-NLCY,Rakotomamonjy Tiana Hasina Mamy,Antsiranana,School_50,non admis,passable,A1
31175-QLOF,Raharimanana Tovo Hasina Hery Tojo,Antananarivo,School_13,admis,passable,A2
63505-LUXA,Rajaonarison Hery Mamy Miangaly,Mahajanga,School_59,admis,passable,A1
79051-TOZD,Rasolofo Herilala Hery,Antsirabe,School_54,non admis,passable,C
63845-PBYT,Randrianarivelo Hery Mamy Herilala,Fianarantsoa,School_77,non admis,bien,A1
57275-QWII,Rakotomamonjy Tiana Miangaly Herilala,Antsirabe,School_31,admis,passable,A2
78223-EXCV,Rajaonarison Tojo Rina Soa Tovo,Mahajanga,School_37,non admis,passable,D
77633-MGFL,Raharimanana Tiana Andry,Mananjary,School_60,non admis,passable,A2
85347-GJIK,Randria Andry Tovo Finaritra,Mananjary,School_73,non admis,passable,C
28548-PREJ,Rasolofoson Tiana Herilala Andry Mamy,Fianarantsoa,School_26,non admis,passable,A2
27998-YLKK,Rajaonarison Tojo Tovo Haja Miangaly,Farafangana,School_20,admis,passable,OSE
50321-IDVZ,Rasolofo Hasina Mamy,Farafangana,School_5,non admis,passable,C
54867-HVQZ,Rasolofoson Herilala Mamy,Mahajanga,School_69,non admis,passable,A2
72868-ECFZ,Rakotomamonjy Fitiavana Tovo,Antananarivo,School_27,non admis,passable,C
31193-UNVV,Rajaonarison Tiana Hery Hasina,Mahajanga,School_12,non admis,passable,A1
54822-TCYF,Randrianarivelo Finaritra Tojo Haja Tovo,Antsirabe,School_73,admis,passable,A1
18698-LCIK,Rakotomamonjy Haja Andry Fanilo,Toliara,School_28,non admis,bien,A2
71856-BRNF,Rakotomamonjy Soa Tojo,Mananjary,School_65,non admis,passable,A2
17399-XYTF,Rakotomamonjy Soa Fanilo Andry,Antsiranana,School_41,non admis,passable,A2
35826-HTXQ,Rasolofo Tojo Rina,Mahajanga,School_91,non admis,passable,A2
60488-GPWI,Randria Rina Fanilo Hery,Antsirabe,School_22,non admis,passable,A1
90993-JLSG,Rasolofo Tovo Haja Tiana Tojo,Morondava,School_44,admis,bien,A1
90558-GKBO,Rasolofoson Hery Tovo Haja,Farafangana,School_50,non admis,passable,C
78106-GIJA,Andrianarivo Fanilo Andry Herilala Hasina,Toamasina,School_54,non admis,passable,A1
10052-GYEO,Rasolofoson Herilala Miangaly,Mahajanga,School_56,non admis,passable,D
43821-DOMZ,Rakotomamonjy Mamy Fanilo Haja,Mananjary,School_16,admis,passable,D
74860-OYDU,Rasolofo Haja Mamy,Toliara,School_35,non admis,passable,C
24125-MRXS,Randrianarivelo Hery Soa Hasina Tojo,Mananjary,School_70,admis,passable,A1
42531-CUES,Rasolofo Herilala Andry,Mananjary,School_31,non admis,passable,A2
61183-ZGRJ,Raharinaivo Fitiavana Fanilo Andry,Ambatondrazaka,School_96,non admis,passable,A1
78231-SIPN,Rasolofoson Finaritra Soa Tovo,Fianarantsoa,School_28,non admis,passable,A1
34896-ATDQ,Rasolofoson Finaritra Tovo,Toamasina,School_73,non admis,passable,L
32959-WWPV,Raharimanana Rina Mamy,Ambatondrazaka,School_48,non admis,passable,D
72550-KCHV,Rakotoarisoa Hasina Tojo Miangaly,Mananjary,School_91,admis,assez bien,A1
70967-WAPY,Andrianarivo Hasina Miangaly,Mananjary,School_55,admis,passable,A2
14784-YZNT,Rajaonarison Tovo Hasina Soa Andry,Antananarivo,School_38,non admis,passable,C
